{
  "fio version" : "fio-3.17",
  "timestamp" : 1580120629,
  "timestamp_ms" : 1580120629589,
  "time" : "Mon Jan 27 02:23:49 2020",
  "jobs" : [
    {
      "jobname" : "wipc",
      "groupid" : 0,
      "error" : 0,
      "eta" : 0,
      "elapsed" : 884,
      "job options" : {
        "ioengine" : "libaio",
        "group_reporting" : "1",
        "direct" : "1",
        "rw" : "write",
        "bssplit" : "128KB",
        "numjobs" : "1",
        "iodepth" : "32",
        "size" : "75%",
        "io_size" : "256071352320B",
        "filename" : "/dev/sdb"
      },
      "read" : {
        "io_bytes" : 0,
        "io_kbytes" : 0,
        "bw_bytes" : 0,
        "bw" : 0,
        "iops" : 0.000000,
        "runtime" : 0,
        "total_ios" : 0,
        "short_ios" : 0,
        "drop_ios" : 0,
        "slat_ns" : {
          "min" : 0,
          "max" : 0,
          "mean" : 0.000000,
          "stddev" : 0.000000
        },
        "clat_ns" : {
          "min" : 0,
          "max" : 0,
          "mean" : 0.000000,
          "stddev" : 0.000000,
          "percentile" : {
            "1.000000" : 0,
            "5.000000" : 0,
            "10.000000" : 0,
            "20.000000" : 0,
            "30.000000" : 0,
            "40.000000" : 0,
            "50.000000" : 0,
            "60.000000" : 0,
            "70.000000" : 0,
            "80.000000" : 0,
            "90.000000" : 0,
            "95.000000" : 0,
            "99.000000" : 0,
            "99.500000" : 0,
            "99.900000" : 0,
            "99.950000" : 0,
            "99.990000" : 0
          },
          "bins" : {

          }
        },
        "lat_ns" : {
          "min" : 0,
          "max" : 0,
          "mean" : 0.000000,
          "stddev" : 0.000000
        },
        "bw_min" : 0,
        "bw_max" : 0,
        "bw_agg" : 0.000000,
        "bw_mean" : 0.000000,
        "bw_dev" : 0.000000,
        "bw_samples" : 0,
        "iops_min" : 0,
        "iops_max" : 0,
        "iops_mean" : 0.000000,
        "iops_stddev" : 0.000000,
        "iops_samples" : 0
      },
      "write" : {
        "io_bytes" : 256071434240,
        "io_kbytes" : 250069760,
        "bw_bytes" : 289859156,
        "bw" : 283065,
        "iops" : 2211.449865,
        "runtime" : 883434,
        "total_ios" : 1953670,
        "short_ios" : 0,
        "drop_ios" : 0,
        "slat_ns" : {
          "min" : 7940,
          "max" : 514430,
          "mean" : 31053.590967,
          "stddev" : 10763.830325
        },
        "clat_ns" : {
          "min" : 973986,
          "max" : 44160504,
          "mean" : 14432951.833493,
          "stddev" : 1990006.482431,
          "percentile" : {
            "1.000000" : 12648448,
            "5.000000" : 12910592,
            "10.000000" : 13041664,
            "20.000000" : 13303808,
            "30.000000" : 13565952,
            "40.000000" : 13828096,
            "50.000000" : 14090240,
            "60.000000" : 14352384,
            "70.000000" : 14745600,
            "80.000000" : 15269888,
            "90.000000" : 15794176,
            "95.000000" : 16449536,
            "99.000000" : 27131904,
            "99.500000" : 27918336,
            "99.900000" : 28966912,
            "99.950000" : 29229056,
            "99.990000" : 31064064
          },
          "bins" : {
            "970752" : 1,
            "995328" : 1,
            "1003520" : 1,
            "1204224" : 1,
            "1384448" : 1,
            "1400832" : 1,
            "1581056" : 1,
            "1695744" : 1,
            "1712128" : 1,
            "1941504" : 1,
            "2023424" : 1,
            "2244608" : 1,
            "2342912" : 1,
            "2375680" : 1,
            "2670592" : 1,
            "2703360" : 1,
            "2768896" : 1,
            "3063808" : 1,
            "3129344" : 1,
            "3391488" : 1,
            "3489792" : 2,
            "3751936" : 1,
            "3817472" : 2,
            "4079616" : 1,
            "4177920" : 2,
            "4423680" : 1,
            "4489216" : 1,
            "4751360" : 1,
            "4882432" : 2,
            "5144576" : 1,
            "5210112" : 1,
            "5406720" : 2,
            "5537792" : 1,
            "5799936" : 2,
            "5996544" : 1,
            "6127616" : 2,
            "6258688" : 1,
            "6455296" : 2,
            "6586368" : 1,
            "6782976" : 1,
            "6848512" : 1,
            "7176192" : 2,
            "7241728" : 1,
            "7503872" : 1,
            "7569408" : 1,
            "7897088" : 1,
            "8224768" : 1,
            "8454144" : 2,
            "8716288" : 1,
            "8847360" : 1,
            "9109504" : 1,
            "9240576" : 1,
            "9371648" : 1,
            "9633792" : 1,
            "9764864" : 2,
            "9895936" : 2,
            "10027008" : 1,
            "10158080" : 1,
            "10289152" : 1,
            "10813440" : 2,
            "10944512" : 3,
            "11075584" : 6,
            "11206656" : 4,
            "11337728" : 11,
            "11468800" : 11,
            "11599872" : 43,
            "11730944" : 79,
            "11862016" : 164,
            "11993088" : 259,
            "12124160" : 354,
            "12255232" : 898,
            "12386304" : 1927,
            "12517376" : 6520,
            "12648448" : 19970,
            "12779520" : 43606,
            "12910592" : 75603,
            "13041664" : 100653,
            "13172736" : 108577,
            "13303808" : 110335,
            "13434880" : 105937,
            "13565952" : 101449,
            "13697024" : 101529,
            "13828096" : 101195,
            "13959168" : 97017,
            "14090240" : 88861,
            "14221312" : 78632,
            "14352384" : 69344,
            "14483456" : 68581,
            "14614528" : 68544,
            "14745600" : 61063,
            "14876672" : 49886,
            "15007744" : 42273,
            "15138816" : 42511,
            "15269888" : 47163,
            "15400960" : 51706,
            "15532032" : 51714,
            "15663104" : 45016,
            "15794176" : 35528,
            "15925248" : 26492,
            "16056320" : 20798,
            "16187392" : 16666,
            "16318464" : 12689,
            "16449536" : 10978,
            "16580608" : 10713,
            "16711680" : 10584,
            "16908288" : 18035,
            "17170432" : 10503,
            "17432576" : 4111,
            "17694720" : 1286,
            "17956864" : 433,
            "18219008" : 179,
            "18481152" : 167,
            "18743296" : 279,
            "19005440" : 293,
            "19267584" : 235,
            "19529728" : 87,
            "19791872" : 48,
            "20054016" : 9,
            "20316160" : 4,
            "20578304" : 3,
            "20840448" : 6,
            "21102592" : 17,
            "21364736" : 7,
            "21626880" : 6,
            "21889024" : 5,
            "22151168" : 13,
            "22413312" : 20,
            "22675456" : 9,
            "22937600" : 12,
            "23199744" : 7,
            "23461888" : 2,
            "23724032" : 8,
            "23986176" : 5,
            "24248320" : 25,
            "24510464" : 8,
            "24772608" : 65,
            "25034752" : 270,
            "25296896" : 314,
            "25559040" : 133,
            "25821184" : 104,
            "26083328" : 308,
            "26345472" : 1127,
            "26607616" : 3390,
            "26869760" : 4671,
            "27131904" : 3803,
            "27394048" : 2612,
            "27656192" : 3259,
            "27918336" : 2752,
            "28180480" : 2751,
            "28442624" : 2321,
            "28704768" : 1773,
            "28966912" : 1031,
            "29229056" : 489,
            "29491200" : 187,
            "29753344" : 90,
            "30015488" : 65,
            "30277632" : 71,
            "30539776" : 47,
            "30801920" : 48,
            "31064064" : 29,