{
  "fio version" : "fio-3.17",
  "timestamp" : 1580232829,
  "timestamp_ms" : 1580232829481,
  "time" : "Tue Jan 28 09:33:49 2020",
  "jobs" : [
    {
      "jobname" : "wipc",
      "groupid" : 0,
      "error" : 0,
      "eta" : 0,
      "elapsed" : 898,
      "job options" : {
        "ioengine" : "libaio",
        "group_reporting" : "1",
        "direct" : "1",
        "rw" : "write",
        "bssplit" : "128KB",
        "numjobs" : "1",
        "iodepth" : "32",
        "size" : "75%",
        "io_size" : "256071352320B",
        "filename" : "/dev/sdd"
      },
      "read" : {
        "io_bytes" : 0,
        "io_kbytes" : 0,
        "bw_bytes" : 0,
        "bw" : 0,
        "iops" : 0.000000,
        "runtime" : 0,
        "total_ios" : 0,
        "short_ios" : 0,
        "drop_ios" : 0,
        "slat_ns" : {
          "min" : 0,
          "max" : 0,
          "mean" : 0.000000,
          "stddev" : 0.000000
        },
        "clat_ns" : {
          "min" : 0,
          "max" : 0,
          "mean" : 0.000000,
          "stddev" : 0.000000,
          "percentile" : {
            "1.000000" : 0,
            "5.000000" : 0,
            "10.000000" : 0,
            "20.000000" : 0,
            "30.000000" : 0,
            "40.000000" : 0,
            "50.000000" : 0,
            "60.000000" : 0,
            "70.000000" : 0,
            "80.000000" : 0,
            "90.000000" : 0,
            "95.000000" : 0,
            "99.000000" : 0,
            "99.500000" : 0,
            "99.900000" : 0,
            "99.950000" : 0,
            "99.990000" : 0
          },
          "bins" : {

          }
        },
        "lat_ns" : {
          "min" : 0,
          "max" : 0,
          "mean" : 0.000000,
          "stddev" : 0.000000
        },
        "bw_min" : 0,
        "bw_max" : 0,
        "bw_agg" : 0.000000,
        "bw_mean" : 0.000000,
        "bw_dev" : 0.000000,
        "bw_samples" : 0,
        "iops_min" : 0,
        "iops_max" : 0,
        "iops_mean" : 0.000000,
        "iops_stddev" : 0.000000,
        "iops_samples" : 0
      },
      "write" : {
        "io_bytes" : 256071434240,
        "io_kbytes" : 250069760,
        "bw_bytes" : 285393950,
        "bw" : 278705,
        "iops" : 2177.383043,
        "runtime" : 897256,
        "total_ios" : 1953670,
        "short_ios" : 0,
        "drop_ios" : 0,
        "slat_ns" : {
          "min" : 6792,
          "max" : 523479,
          "mean" : 32981.615482,
          "stddev" : 10737.027109
        },
        "clat_ns" : {
          "min" : 885554,
          "max" : 43942357,
          "mean" : 14656995.360703,
          "stddev" : 1988885.642423,
          "percentile" : {
            "1.000000" : 12779520,
            "5.000000" : 13041664,
            "10.000000" : 13172736,
            "20.000000" : 13434880,
            "30.000000" : 13697024,
            "40.000000" : 13959168,
            "50.000000" : 14221312,
            "60.000000" : 14483456,
            "70.000000" : 14876672,
            "80.000000" : 15532032,
            "90.000000" : 16056320,
            "95.000000" : 16908288,
            "99.000000" : 27131904,
            "99.500000" : 27656192,
            "99.900000" : 28966912,
            "99.950000" : 29229056,
            "99.990000" : 31064064
          },
          "bins" : {
            "888832" : 1,
            "1019904" : 1,
            "1220608" : 1,
            "1335296" : 1,
            "1368064" : 1,
            "1384448" : 1,
            "1581056" : 1,
            "1761280" : 1,
            "1925120" : 1,
            "2039808" : 1,
            "2056192" : 1,
            "2244608" : 1,
            "2408448" : 1,
            "2441216" : 1,
            "2703360" : 1,
            "2932736" : 1,
            "3194880" : 1,
            "3260416" : 1,
            "3391488" : 1,
            "3620864" : 2,
            "3719168" : 1,
            "3915776" : 1,
            "3981312" : 1,
            "4112384" : 1,
            "4292608" : 2,
            "4358144" : 1,
            "4685824" : 2,
            "4882432" : 1,
            "5013504" : 1,
            "5210112" : 1,
            "5472256" : 2,
            "5537792" : 1,
            "5734400" : 1,
            "5799936" : 1,
            "5865472" : 1,
            "6127616" : 2,
            "6258688" : 2,
            "6389760" : 1,
            "6455296" : 1,
            "6586368" : 1,
            "6782976" : 2,
            "6848512" : 1,
            "7176192" : 1,
            "7241728" : 1,
            "7372800" : 1,
            "7569408" : 1,
            "7634944" : 1,
            "7831552" : 1,
            "7897088" : 1,
            "8028160" : 1,
            "8159232" : 1,
            "8355840" : 1,
            "8585216" : 1,
            "8978432" : 1,
            "9371648" : 3,
            "9502720" : 1,
            "9633792" : 3,
            "9895936" : 2,
            "10027008" : 1,
            "10158080" : 4,
            "10289152" : 1,
            "10420224" : 1,
            "10551296" : 4,
            "10682368" : 1,
            "10813440" : 5,
            "10944512" : 7,
            "11075584" : 5,
            "11206656" : 9,
            "11337728" : 8,
            "11468800" : 12,
            "11599872" : 13,
            "11730944" : 45,
            "11862016" : 83,
            "11993088" : 132,
            "12124160" : 265,
            "12255232" : 455,
            "12386304" : 878,
            "12517376" : 1907,
            "12648448" : 5439,
            "12779520" : 13494,
            "12910592" : 31881,
            "13041664" : 62695,
            "13172736" : 87719,
            "13303808" : 98610,
            "13434880" : 104136,
            "13565952" : 105534,
            "13697024" : 102545,
            "13828096" : 103136,
            "13959168" : 100507,
            "14090240" : 95854,
            "14221312" : 94587,
            "14352384" : 89783,
            "14483456" : 79991,
            "14614528" : 68392,
            "14745600" : 62147,
            "14876672" : 59148,
            "15007744" : 53355,
            "15138816" : 42928,
            "15269888" : 37324,
            "15400960" : 38224,
            "15532032" : 46761,
            "15663104" : 52802,
            "15794176" : 50412,
            "15925248" : 42152,
            "16056320" : 32695,
            "16187392" : 25264,
            "16318464" : 19651,
            "16449536" : 15687,
            "16580608" : 13429,
            "16711680" : 11242,
            "16908288" : 23543,
            "17170432" : 24000,
            "17432576" : 13488,
            "17694720" : 5155,
            "17956864" : 1755,
            "18219008" : 642,
            "18481152" : 193,
            "18743296" : 98,
            "19005440" : 183,
            "19267584" : 367,
            "19529728" : 423,
            "19791872" : 271,
            "20054016" : 71,
            "20316160" : 23,
            "20578304" : 13,
            "20840448" : 3,
            "21102592" : 4,
            "21364736" : 5,
            "21626880" : 21,
            "21889024" : 14,
            "22151168" : 12,
            "22413312" : 11,
            "22675456" : 2,
            "22937600" : 17,
            "23199744" : 6,
            "23461888" : 21,
            "23724032" : 14,
            "23986176" : 25,
            "24248320" : 13,
            "24510464" : 6,
            "24772608" : 7,
            "25034752" : 10,
            "25296896" : 26,
            "25559040" : 47,
            "25821184" : 74,
            "26083328" : 60,
            "26345472" : 356,
            "26607616" : 3023,
            "26869760" : 6006,
            "27131904" : 5378,
            "27394048" : 4456,
            "27656192" : 3073,
            "27918336" : 1915,
            "28180480" : 1653,
            "28442624" : 1727,
            "28704768" : 1315,
            "28966912" : 1215,
            "29229056" : 733,
            "29491200" : 300,
            "29753344" : 108,