{
  "fio version" : "fio-3.17",
  "timestamp" : 1580238307,
  "timestamp_ms" : 1580238307382,
  "time" : "Tue Jan 28 11:05:07 2020",
  "jobs" : [
    {
      "jobname" : "wipc",
      "groupid" : 0,
      "error" : 0,
      "eta" : 0,
      "elapsed" : 898,
      "job options" : {
        "ioengine" : "libaio",
        "group_reporting" : "1",
        "direct" : "1",
        "rw" : "write",
        "bssplit" : "128KB",
        "numjobs" : "1",
        "iodepth" : "32",
        "size" : "75%",
        "io_size" : "256071352320B",
        "filename" : "/dev/sdd"
      },
      "read" : {
        "io_bytes" : 0,
        "io_kbytes" : 0,
        "bw_bytes" : 0,
        "bw" : 0,
        "iops" : 0.000000,
        "runtime" : 0,
        "total_ios" : 0,
        "short_ios" : 0,
        "drop_ios" : 0,
        "slat_ns" : {
          "min" : 0,
          "max" : 0,
          "mean" : 0.000000,
          "stddev" : 0.000000
        },
        "clat_ns" : {
          "min" : 0,
          "max" : 0,
          "mean" : 0.000000,
          "stddev" : 0.000000,
          "percentile" : {
            "1.000000" : 0,
            "5.000000" : 0,
            "10.000000" : 0,
            "20.000000" : 0,
            "30.000000" : 0,
            "40.000000" : 0,
            "50.000000" : 0,
            "60.000000" : 0,
            "70.000000" : 0,
            "80.000000" : 0,
            "90.000000" : 0,
            "95.000000" : 0,
            "99.000000" : 0,
            "99.500000" : 0,
            "99.900000" : 0,
            "99.950000" : 0,
            "99.990000" : 0
          },
          "bins" : {

          }
        },
        "lat_ns" : {
          "min" : 0,
          "max" : 0,
          "mean" : 0.000000,
          "stddev" : 0.000000
        },
        "bw_min" : 0,
        "bw_max" : 0,
        "bw_agg" : 0.000000,
        "bw_mean" : 0.000000,
        "bw_dev" : 0.000000,
        "bw_samples" : 0,
        "iops_min" : 0,
        "iops_max" : 0,
        "iops_mean" : 0.000000,
        "iops_stddev" : 0.000000,
        "iops_samples" : 0
      },
      "write" : {
        "io_bytes" : 256071434240,
        "io_kbytes" : 250069760,
        "bw_bytes" : 285432442,
        "bw" : 278742,
        "iops" : 2177.676715,
        "runtime" : 897135,
        "total_ios" : 1953670,
        "short_ios" : 0,
        "drop_ios" : 0,
        "slat_ns" : {
          "min" : 7668,
          "max" : 517157,
          "mean" : 33691.489635,
          "stddev" : 11082.920688
        },
        "clat_ns" : {
          "min" : 1063673,
          "max" : 43606539,
          "mean" : 14654274.037782,
          "stddev" : 1990418.717544,
          "percentile" : {
            "1.000000" : 12779520,
            "5.000000" : 13041664,
            "10.000000" : 13172736,
            "20.000000" : 13434880,
            "30.000000" : 13697024,
            "40.000000" : 13959168,
            "50.000000" : 14221312,
            "60.000000" : 14483456,
            "70.000000" : 14876672,
            "80.000000" : 15532032,
            "90.000000" : 16056320,
            "95.000000" : 16908288,
            "99.000000" : 27131904,
            "99.500000" : 27918336,
            "99.900000" : 28966912,
            "99.950000" : 29753344,
            "99.990000" : 31326208
          },
          "bins" : {
            "1056768" : 1,
            "1089536" : 1,
            "1220608" : 1,
            "1384448" : 1,
            "1400832" : 1,
            "1630208" : 1,
            "2007040" : 1,
            "2113536" : 1,
            "2244608" : 1,
            "2277376" : 2,
            "2408448" : 1,
            "2670592" : 1,
            "2801664" : 1,
            "2932736" : 1,
            "2965504" : 1,
            "3162112" : 1,
            "3227648" : 1,
            "3293184" : 1,
            "3555328" : 1,
            "3588096" : 1,
            "3620864" : 1,
            "3850240" : 1,
            "3948544" : 1,
            "4014080" : 1,
            "4112384" : 2,
            "4227072" : 1,
            "4358144" : 2,
            "4423680" : 3,
            "4489216" : 1,
            "4554752" : 1,
            "4620288" : 1,
            "4685824" : 1,
            "4816896" : 1,
            "4947968" : 2,
            "5079040" : 1,
            "5210112" : 1,
            "5341184" : 1,
            "5406720" : 2,
            "5472256" : 1,
            "5668864" : 2,
            "5734400" : 1,
            "5865472" : 1,
            "6062080" : 2,
            "6193152" : 1,
            "6324224" : 2,
            "6389760" : 2,
            "6455296" : 1,
            "6651904" : 2,
            "6782976" : 2,
            "7045120" : 1,
            "7241728" : 1,
            "7372800" : 1,
            "7438336" : 1,
            "7569408" : 1,
            "7766016" : 1,
            "7897088" : 1,
            "7962624" : 1,
            "8159232" : 1,
            "8290304" : 2,
            "8454144" : 2,
            "8585216" : 2,
            "8978432" : 2,
            "9109504" : 2,
            "9240576" : 2,
            "9371648" : 2,
            "9502720" : 1,
            "9633792" : 1,
            "9764864" : 2,
            "9895936" : 1,
            "10027008" : 4,
            "10289152" : 3,
            "10420224" : 2,
            "10551296" : 1,
            "10682368" : 3,
            "10944512" : 2,
            "11075584" : 3,
            "11206656" : 3,
            "11337728" : 2,
            "11468800" : 3,
            "11599872" : 10,
            "11730944" : 51,
            "11862016" : 68,
            "11993088" : 129,
            "12124160" : 222,
            "12255232" : 340,
            "12386304" : 668,
            "12517376" : 1623,
            "12648448" : 4506,
            "12779520" : 12919,
            "12910592" : 31564,
            "13041664" : 62859,
            "13172736" : 88909,
            "13303808" : 100436,
            "13434880" : 103771,
            "13565952" : 105199,
            "13697024" : 103199,
            "13828096" : 103193,
            "13959168" : 100866,
            "14090240" : 96823,
            "14221312" : 94921,
            "14352384" : 89783,
            "14483456" : 79016,
            "14614528" : 69318,
            "14745600" : 62908,
            "14876672" : 59543,
            "15007744" : 53171,
            "15138816" : 43158,
            "15269888" : 37802,
            "15400960" : 39166,
            "15532032" : 45948,
            "15663104" : 51341,
            "15794176" : 49970,
            "15925248" : 42544,
            "16056320" : 32099,
            "16187392" : 24393,
            "16318464" : 19668,
            "16449536" : 15756,
            "16580608" : 12726,
            "16711680" : 11601,
            "16908288" : 23245,
            "17170432" : 23318,
            "17432576" : 13623,
            "17694720" : 5130,
            "17956864" : 1789,
            "18219008" : 604,
            "18481152" : 174,
            "18743296" : 100,
            "19005440" : 200,
            "19267584" : 347,
            "19529728" : 409,
            "19791872" : 285,
            "20054016" : 120,
            "20316160" : 48,
            "20578304" : 11,
            "20840448" : 5,
            "21102592" : 5,
            "21364736" : 29,
            "21626880" : 10,
            "21889024" : 2,
            "22151168" : 3,
            "22413312" : 6,
            "22675456" : 9,
            "22937600" : 6,
            "23199744" : 12,
            "23461888" : 4,
            "23724032" : 8,
            "23986176" : 17,
            "24248320" : 13,
            "24510464" : 21,
            "24772608" : 13,
            "25034752" : 14,
            "25296896" : 26,
            "25559040" : 94,
            "25821184" : 175,
            "26083328" : 288,
            "26345472" : 765,
            "26607616" : 3059,
            "26869760" : 5027,
            "27131904" : 5376,
            "27394048" : 3872,
            "27656192" : 2624,