{
  "fio version" : "fio-3.17",
  "timestamp" : 1580081451,
  "timestamp_ms" : 1580081451754,
  "time" : "Sun Jan 26 15:30:51 2020",
  "jobs" : [
    {
      "jobname" : "wipc",
      "groupid" : 0,
      "error" : 0,
      "eta" : 0,
      "elapsed" : 891,
      "job options" : {
        "ioengine" : "libaio",
        "group_reporting" : "1",
        "direct" : "1",
        "rw" : "write",
        "bssplit" : "128KB",
        "numjobs" : "1",
        "iodepth" : "32",
        "size" : "75%",
        "io_size" : "256071352320B",
        "filename" : "/dev/sdb"
      },
      "read" : {
        "io_bytes" : 0,
        "io_kbytes" : 0,
        "bw_bytes" : 0,
        "bw" : 0,
        "iops" : 0.000000,
        "runtime" : 0,
        "total_ios" : 0,
        "short_ios" : 0,
        "drop_ios" : 0,
        "slat_ns" : {
          "min" : 0,
          "max" : 0,
          "mean" : 0.000000,
          "stddev" : 0.000000
        },
        "clat_ns" : {
          "min" : 0,
          "max" : 0,
          "mean" : 0.000000,
          "stddev" : 0.000000,
          "percentile" : {
            "1.000000" : 0,
            "5.000000" : 0,
            "10.000000" : 0,
            "20.000000" : 0,
            "30.000000" : 0,
            "40.000000" : 0,
            "50.000000" : 0,
            "60.000000" : 0,
            "70.000000" : 0,
            "80.000000" : 0,
            "90.000000" : 0,
            "95.000000" : 0,
            "99.000000" : 0,
            "99.500000" : 0,
            "99.900000" : 0,
            "99.950000" : 0,
            "99.990000" : 0
          },
          "bins" : {

          }
        },
        "lat_ns" : {
          "min" : 0,
          "max" : 0,
          "mean" : 0.000000,
          "stddev" : 0.000000
        },
        "bw_min" : 0,
        "bw_max" : 0,
        "bw_agg" : 0.000000,
        "bw_mean" : 0.000000,
        "bw_dev" : 0.000000,
        "bw_samples" : 0,
        "iops_min" : 0,
        "iops_max" : 0,
        "iops_mean" : 0.000000,
        "iops_stddev" : 0.000000,
        "iops_samples" : 0
      },
      "write" : {
        "io_bytes" : 256071434240,
        "io_kbytes" : 250069760,
        "bw_bytes" : 287742697,
        "bw" : 280998,
        "iops" : 2195.302562,
        "runtime" : 889932,
        "total_ios" : 1953670,
        "short_ios" : 0,
        "drop_ios" : 0,
        "slat_ns" : {
          "min" : 6796,
          "max" : 773215,
          "mean" : 33267.022449,
          "stddev" : 10887.243441
        },
        "clat_ns" : {
          "min" : 1053579,
          "max" : 43460290,
          "mean" : 14536828.127164,
          "stddev" : 1992119.213293,
          "percentile" : {
            "1.000000" : 12779520,
            "5.000000" : 12910592,
            "10.000000" : 13172736,
            "20.000000" : 13303808,
            "30.000000" : 13565952,
            "40.000000" : 13828096,
            "50.000000" : 14090240,
            "60.000000" : 14483456,
            "70.000000" : 14876672,
            "80.000000" : 15400960,
            "90.000000" : 15925248,
            "95.000000" : 16580608,
            "99.000000" : 27131904,
            "99.500000" : 27918336,
            "99.900000" : 29229056,
            "99.950000" : 30277632,
            "99.990000" : 31064064
          },
          "bins" : {
            "1056768" : 1,
            "1089536" : 1,
            "1122304" : 1,
            "1236992" : 2,
            "1318912" : 1,
            "1400832" : 2,
            "1662976" : 1,
            "1761280" : 1,
            "1941504" : 1,
            "2113536" : 1,
            "2146304" : 1,
            "2342912" : 1,
            "2441216" : 1,
            "2670592" : 1,
            "2768896" : 1,
            "2965504" : 1,
            "3031040" : 1,
            "3194880" : 1,
            "3227648" : 1,
            "3555328" : 1,
            "3620864" : 1,
            "3653632" : 1,
            "3915776" : 1,
            "3948544" : 2,
            "4227072" : 1,
            "4358144" : 2,
            "4620288" : 3,
            "4947968" : 1,
            "5013504" : 2,
            "5210112" : 1,
            "5341184" : 1,
            "5603328" : 1,
            "5668864" : 1,
            "5799936" : 1,
            "5865472" : 1,
            "6062080" : 1,
            "6127616" : 2,
            "6258688" : 1,
            "6324224" : 1,
            "6520832" : 1,
            "6586368" : 1,
            "6651904" : 1,
            "6848512" : 1,
            "6979584" : 1,
            "7045120" : 1,
            "7241728" : 1,
            "7372800" : 1,
            "7569408" : 1,
            "7634944" : 1,
            "7962624" : 1,
            "8028160" : 2,
            "8290304" : 2,
            "8454144" : 1,
            "8585216" : 1,
            "8716288" : 1,
            "8847360" : 4,
            "8978432" : 2,
            "9109504" : 4,
            "9240576" : 1,
            "9502720" : 2,
            "9633792" : 2,
            "9764864" : 1,
            "9895936" : 2,
            "10027008" : 2,
            "10158080" : 1,
            "10289152" : 3,
            "10420224" : 2,
            "10551296" : 2,
            "10682368" : 4,
            "10813440" : 3,
            "10944512" : 7,
            "11075584" : 8,
            "11206656" : 3,
            "11337728" : 9,
            "11468800" : 5,
            "11599872" : 19,
            "11730944" : 44,
            "11862016" : 85,
            "11993088" : 99,
            "12124160" : 175,
            "12255232" : 380,
            "12386304" : 957,
            "12517376" : 3473,
            "12648448" : 12361,
            "12779520" : 31330,
            "12910592" : 57902,
            "13041664" : 85854,
            "13172736" : 103326,
            "13303808" : 108807,
            "13434880" : 105864,
            "13565952" : 100207,
            "13697024" : 94518,
            "13828096" : 94868,
            "13959168" : 96788,
            "14090240" : 92774,
            "14221312" : 86244,
            "14352384" : 76987,
            "14483456" : 68638,
            "14614528" : 66510,
            "14745600" : 65498,
            "14876672" : 59133,
            "15007744" : 48803,
            "15138816" : 41913,
            "15269888" : 40004,
            "15400960" : 44533,
            "15532032" : 50449,
            "15663104" : 51544,
            "15794176" : 47087,
            "15925248" : 37016,
            "16056320" : 29152,
            "16187392" : 21766,
            "16318464" : 15922,
            "16449536" : 12542,
            "16580608" : 11330,
            "16711680" : 11455,
            "16908288" : 21114,
            "17170432" : 13761,
            "17432576" : 5845,
            "17694720" : 2078,
            "17956864" : 715,
            "18219008" : 275,
            "18481152" : 169,
            "18743296" : 266,
            "19005440" : 307,
            "19267584" : 283,
            "19529728" : 143,
            "19791872" : 50,
            "20054016" : 24,
            "20316160" : 32,
            "20578304" : 5,
            "20840448" : 3,
            "21102592" : 7,
            "21364736" : 8,
            "21626880" : 37,
            "21889024" : 26,
            "22151168" : 11,
            "22413312" : 10,
            "22675456" : 1,
            "22937600" : 4,
            "23199744" : 10,
            "23461888" : 3,
            "23724032" : 4,
            "23986176" : 7,
            "24248320" : 11,
            "24510464" : 3,
            "24772608" : 10,
            "25034752" : 19,
            "25296896" : 11,
            "25559040" : 21,
            "25821184" : 105,
            "26083328" : 338,
            "26345472" : 836,
            "26607616" : 3549,
            "26869760" : 5863,
            "27131904" : 5341,
            "27394048" : 3012,
            "27656192" : 2670,
            "27918336" : 2348,
            "28180480" : 2139,
            "28442624" : 1598,
            "28704768" : 1078,