{
  "fio version" : "fio-3.17",
  "timestamp" : 1580032722,
  "timestamp_ms" : 1580032722780,
  "time" : "Sun Jan 26 01:58:42 2020",
  "jobs" : [
    {
      "jobname" : "wipc",
      "groupid" : 0,
      "error" : 0,
      "eta" : 0,
      "elapsed" : 890,
      "job options" : {
        "ioengine" : "libaio",
        "group_reporting" : "1",
        "direct" : "1",
        "rw" : "write",
        "bssplit" : "128KB",
        "numjobs" : "1",
        "iodepth" : "32",
        "size" : "75%",
        "io_size" : "256071352320B",
        "filename" : "/dev/sdb"
      },
      "read" : {
        "io_bytes" : 0,
        "io_kbytes" : 0,
        "bw_bytes" : 0,
        "bw" : 0,
        "iops" : 0.000000,
        "runtime" : 0,
        "total_ios" : 0,
        "short_ios" : 0,
        "drop_ios" : 0,
        "slat_ns" : {
          "min" : 0,
          "max" : 0,
          "mean" : 0.000000,
          "stddev" : 0.000000
        },
        "clat_ns" : {
          "min" : 0,
          "max" : 0,
          "mean" : 0.000000,
          "stddev" : 0.000000,
          "percentile" : {
            "1.000000" : 0,
            "5.000000" : 0,
            "10.000000" : 0,
            "20.000000" : 0,
            "30.000000" : 0,
            "40.000000" : 0,
            "50.000000" : 0,
            "60.000000" : 0,
            "70.000000" : 0,
            "80.000000" : 0,
            "90.000000" : 0,
            "95.000000" : 0,
            "99.000000" : 0,
            "99.500000" : 0,
            "99.900000" : 0,
            "99.950000" : 0,
            "99.990000" : 0
          },
          "bins" : {

          }
        },
        "lat_ns" : {
          "min" : 0,
          "max" : 0,
          "mean" : 0.000000,
          "stddev" : 0.000000
        },
        "bw_min" : 0,
        "bw_max" : 0,
        "bw_agg" : 0.000000,
        "bw_mean" : 0.000000,
        "bw_dev" : 0.000000,
        "bw_samples" : 0,
        "iops_min" : 0,
        "iops_max" : 0,
        "iops_mean" : 0.000000,
        "iops_stddev" : 0.000000,
        "iops_samples" : 0
      },
      "write" : {
        "io_bytes" : 256071434240,
        "io_kbytes" : 250069760,
        "bw_bytes" : 287996088,
        "bw" : 281246,
        "iops" : 2197.235784,
        "runtime" : 889149,
        "total_ios" : 1953670,
        "short_ios" : 0,
        "drop_ios" : 0,
        "slat_ns" : {
          "min" : 7176,
          "max" : 1131275,
          "mean" : 32858.323724,
          "stddev" : 11007.683583
        },
        "clat_ns" : {
          "min" : 1049638,
          "max" : 45190883,
          "mean" : 14524476.843945,
          "stddev" : 1983408.364528,
          "percentile" : {
            "1.000000" : 12779520,
            "5.000000" : 12910592,
            "10.000000" : 13041664,
            "20.000000" : 13303808,
            "30.000000" : 13565952,
            "40.000000" : 13828096,
            "50.000000" : 14090240,
            "60.000000" : 14483456,
            "70.000000" : 14876672,
            "80.000000" : 15400960,
            "90.000000" : 15925248,
            "95.000000" : 16580608,
            "99.000000" : 27131904,
            "99.500000" : 27656192,
            "99.900000" : 28966912,
            "99.950000" : 29491200,
            "99.990000" : 31064064
          },
          "bins" : {
            "1056768" : 1,
            "1089536" : 1,
            "1105920" : 1,
            "1155072" : 1,
            "1236992" : 1,
            "1302528" : 1,
            "1368064" : 1,
            "1417216" : 1,
            "1613824" : 1,
            "1744896" : 1,
            "1826816" : 1,
            "1925120" : 1,
            "2342912" : 1,
            "2408448" : 1,
            "2572288" : 1,
            "2703360" : 1,
            "2768896" : 1,
            "2867200" : 1,
            "3129344" : 1,
            "3194880" : 1,
            "3227648" : 1,
            "3489792" : 2,
            "3555328" : 1,
            "3817472" : 1,
            "3915776" : 1,
            "3948544" : 1,
            "4177920" : 1,
            "4227072" : 2,
            "4489216" : 1,
            "4554752" : 1,
            "4685824" : 1,
            "4947968" : 1,
            "5013504" : 1,
            "5144576" : 1,
            "5341184" : 2,
            "5472256" : 1,
            "5603328" : 1,
            "5734400" : 1,
            "5865472" : 1,
            "6062080" : 2,
            "6127616" : 1,
            "6258688" : 1,
            "6455296" : 1,
            "6520832" : 1,
            "6651904" : 1,
            "6848512" : 1,
            "6914048" : 1,
            "7176192" : 1,
            "7241728" : 1,
            "7503872" : 2,
            "7634944" : 1,
            "7700480" : 3,
            "7831552" : 1,
            "7897088" : 1,
            "8028160" : 1,
            "8159232" : 2,
            "8290304" : 1,
            "8585216" : 1,
            "8716288" : 1,
            "8847360" : 2,
            "8978432" : 1,
            "9109504" : 2,
            "9502720" : 3,
            "9764864" : 5,
            "10027008" : 1,
            "10158080" : 3,
            "10289152" : 1,
            "10420224" : 3,
            "10551296" : 1,
            "10682368" : 1,
            "10813440" : 3,
            "10944512" : 1,
            "11075584" : 1,
            "11206656" : 9,
            "11337728" : 34,
            "11468800" : 78,
            "11599872" : 120,
            "11730944" : 134,
            "11862016" : 171,
            "11993088" : 213,
            "12124160" : 326,
            "12255232" : 481,
            "12386304" : 1036,
            "12517376" : 3428,
            "12648448" : 13111,
            "12779520" : 31928,
            "12910592" : 59185,
            "13041664" : 86724,
            "13172736" : 104264,
            "13303808" : 108479,
            "13434880" : 106515,
            "13565952" : 100174,
            "13697024" : 95289,
            "13828096" : 95765,
            "13959168" : 96773,
            "14090240" : 92906,
            "14221312" : 85675,
            "14352384" : 77694,
            "14483456" : 69797,
            "14614528" : 65691,
            "14745600" : 65642,
            "14876672" : 57994,
            "15007744" : 47697,
            "15138816" : 41133,
            "15269888" : 41184,
            "15400960" : 45430,
            "15532032" : 50328,
            "15663104" : 51268,
            "15794176" : 45437,
            "15925248" : 35692,
            "16056320" : 27417,
            "16187392" : 20690,
            "16318464" : 15750,
            "16449536" : 12771,
            "16580608" : 11536,
            "16711680" : 11414,
            "16908288" : 20868,
            "17170432" : 13148,
            "17432576" : 5756,
            "17694720" : 2101,
            "17956864" : 726,
            "18219008" : 255,
            "18481152" : 157,
            "18743296" : 260,
            "19005440" : 309,
            "19267584" : 259,
            "19529728" : 133,
            "19791872" : 43,
            "20054016" : 26,
            "20316160" : 8,
            "20578304" : 9,
            "20840448" : 2,
            "21102592" : 11,
            "21364736" : 9,
            "21626880" : 21,
            "21889024" : 23,
            "22151168" : 24,
            "22413312" : 26,
            "22675456" : 10,
            "22937600" : 9,
            "23199744" : 11,
            "23461888" : 5,
            "23724032" : 11,
            "23986176" : 7,
            "24248320" : 5,
            "24510464" : 3,
            "24772608" : 13,
            "25034752" : 112,
            "25296896" : 156,
            "25559040" : 151,
            "25821184" : 115,
            "26083328" : 180,
            "26345472" : 630,
            "26607616" : 4623,
            "26869760" : 6032,
            "27131904" : 4527,
            "27394048" : 3726,
            "27656192" : 2635,
            "27918336" : 2087,
            "28180480" : 1858,