{
  "fio version" : "fio-3.19",
  "timestamp" : 1585510051,
  "timestamp_ms" : 1585510051479,
  "time" : "Sun Mar 29 19:27:31 2020",
  "jobs" : [
    {
      "jobname" : "wipc",
      "groupid" : 0,
      "error" : 0,
      "eta" : 0,
      "elapsed" : 826,
      "job options" : {
        "ioengine" : "libaio",
        "group_reporting" : "1",
        "direct" : "1",
        "rw" : "write",
        "bssplit" : "128KB",
        "numjobs" : "1",
        "iodepth" : "32",
        "size" : "75%",
        "io_size" : "256071352320B",
        "filename" : "/dev/sda"
      },
      "read" : {
        "io_bytes" : 0,
        "io_kbytes" : 0,
        "bw_bytes" : 0,
        "bw" : 0,
        "iops" : 0.000000,
        "runtime" : 0,
        "total_ios" : 0,
        "short_ios" : 0,
        "drop_ios" : 0,
        "slat_ns" : {
          "min" : 0,
          "max" : 0,
          "mean" : 0.000000,
          "stddev" : 0.000000,
          "N" : 0
        },
        "clat_ns" : {
          "min" : 0,
          "max" : 0,
          "mean" : 0.000000,
          "stddev" : 0.000000,
          "N" : 0
        },
        "lat_ns" : {
          "min" : 0,
          "max" : 0,
          "mean" : 0.000000,
          "stddev" : 0.000000,
          "N" : 0
        },
        "bw_min" : 0,
        "bw_max" : 0,
        "bw_agg" : 0.000000,
        "bw_mean" : 0.000000,
        "bw_dev" : 0.000000,
        "bw_samples" : 0,
        "iops_min" : 0,
        "iops_max" : 0,
        "iops_mean" : 0.000000,
        "iops_stddev" : 0.000000,
        "iops_samples" : 0
      },
      "write" : {
        "io_bytes" : 256071434240,
        "io_kbytes" : 250069760,
        "bw_bytes" : 310230929,
        "bw" : 302959,
        "iops" : 2366.874156,
        "runtime" : 825422,
        "total_ios" : 1953670,
        "short_ios" : 0,
        "drop_ios" : 0,
        "slat_ns" : {
          "min" : 19833,
          "max" : 19350625,
          "mean" : 51672.927616,
          "stddev" : 67282.445272,
          "N" : 1953670
        },
        "clat_ns" : {
          "min" : 3180916,
          "max" : 43038917,
          "mean" : 13462581.294894,
          "stddev" : 2215991.587446,
          "N" : 1953670,
          "percentile" : {
            "1.000000" : 11599872,
            "5.000000" : 11993088,
            "10.000000" : 12255232,
            "20.000000" : 12386304,
            "30.000000" : 12648448,
            "40.000000" : 12779520,
            "50.000000" : 13041664,
            "60.000000" : 13303808,
            "70.000000" : 13565952,
            "80.000000" : 13959168,
            "90.000000" : 14614528,
            "95.000000" : 15663104,
            "99.000000" : 27656192,
            "99.500000" : 28704768,
            "99.900000" : 30015488,
            "99.950000" : 30277632,
            "99.990000" : 33161216
          },
          "bins" : {
            "3194880" : 2,
            "3227648" : 4,
            "3260416" : 2,
            "3293184" : 1,
            "3325952" : 1,
            "3358720" : 1,
            "3391488" : 1,
            "3424256" : 3,
            "3457024" : 7,
            "3522560" : 2,
            "3555328" : 4,
            "3588096" : 5,
            "3620864" : 2,
            "3653632" : 3,
            "3686400" : 6,
            "3719168" : 1,
            "3751936" : 4,
            "3784704" : 1,
            "3817472" : 5,
            "3850240" : 8,
            "3883008" : 4,
            "3915776" : 23,
            "3948544" : 33,
            "3981312" : 9,
            "4014080" : 11,
            "4046848" : 12,
            "4079616" : 5,
            "4112384" : 11,
            "4145152" : 15,
            "4177920" : 8,
            "4227072" : 39,
            "4292608" : 57,
            "4358144" : 65,
            "4423680" : 95,
            "4489216" : 119,
            "4554752" : 198,
            "4620288" : 254,
            "4685824" : 171,
            "4751360" : 95,
            "4816896" : 94,
            "4882432" : 48,
            "4947968" : 33,
            "5013504" : 29,
            "5079040" : 33,
            "5144576" : 13,
            "5210112" : 9,
            "5275648" : 22,
            "5341184" : 14,
            "5406720" : 22,
            "5472256" : 22,
            "5537792" : 23,
            "5603328" : 13,
            "5668864" : 24,
            "5734400" : 28,
            "5799936" : 20,
            "5865472" : 18,
            "5931008" : 35,
            "5996544" : 34,
            "6062080" : 25,
            "6127616" : 24,
            "6193152" : 30,
            "6258688" : 22,
            "6324224" : 20,
            "6389760" : 25,
            "6455296" : 25,
            "6520832" : 26,
            "6586368" : 21,
            "6651904" : 37,
            "6717440" : 47,
            "6782976" : 31,
            "6848512" : 30,
            "6914048" : 32,
            "6979584" : 55,
            "7045120" : 31,
            "7110656" : 32,
            "7176192" : 35,
            "7241728" : 51,
            "7307264" : 33,
            "7372800" : 28,
            "7438336" : 37,
            "7503872" : 33,
            "7569408" : 24,
            "7634944" : 34,
            "7700480" : 37,
            "7766016" : 27,
            "7831552" : 42,
            "7897088" : 29,
            "7962624" : 66,
            "8028160" : 184,
            "8093696" : 123,
            "8159232" : 102,
            "8224768" : 115,
            "8290304" : 75,
            "8355840" : 114,
            "8454144" : 284,
            "8585216" : 515,
            "8716288" : 667,
            "8847360" : 586,
            "8978432" : 443,
            "9109504" : 246,
            "9240576" : 175,
            "9371648" : 179,
            "9502720" : 220,
            "9633792" : 178,
            "9764864" : 226,
            "9895936" : 239,
            "10027008" : 260,
            "10158080" : 338,
            "10289152" : 412,
            "10420224" : 506,
            "10551296" : 605,
            "10682368" : 744,
            "10813440" : 964,
            "10944512" : 1008,
            "11075584" : 1134,
            "11206656" : 1499,
            "11337728" : 1761,
            "11468800" : 2537,
            "11599872" : 4652,
            "11730944" : 10824,
            "11862016" : 24067,
            "11993088" : 50359,
            "12124160" : 81779,
            "12255232" : 108430,
            "12386304" : 116514,
            "12517376" : 124699,
            "12648448" : 133446,
            "12779520" : 139921,
            "12910592" : 129457,
            "13041664" : 108568,
            "13172736" : 92138,
            "13303808" : 85531,
            "13434880" : 79743,
            "13565952" : 69784,
            "13697024" : 64636,
            "13828096" : 65315,
            "13959168" : 66846,
            "14090240" : 59776,
            "14221312" : 44835,
            "14352384" : 34210,
            "14483456" : 25897,
            "14614528" : 20866,
            "14745600" : 17484,
            "14876672" : 15237,
            "15007744" : 12681,
            "15138816" : 11404,
            "15269888" : 10741,
            "15400960" : 11112,
            "15532032" : 13066,
            "15663104" : 15274,
            "15794176" : 14069,
            "15925248" : 10449,
            "16056320" : 7514,
            "16187392" : 4929,
            "16318464" : 2721,
            "16449536" : 1755,
            "16580608" : 1327,
            "16711680" : 840,
            "16908288" : 1079,
            "17170432" : 503,
            "17432576" : 345,
            "17694720" : 433,
            "17956864" : 815,
            "18219008" : 955,
            "18481152" : 650,
            "18743296" : 349,
            "19005440" : 232,
            "19267584" : 192,
            "19529728" : 195,
            "19791872" : 189,
            "20054016" : 217,
            "20316160" : 198,
            "20578304" : 187,
            "20840448" : 203,
            "21102592" : 226,