{
  "fio version" : "fio-3.19",
  "timestamp" : 1585465639,
  "timestamp_ms" : 1585465639701,
  "time" : "Sun Mar 29 07:07:19 2020",
  "jobs" : [
    {
      "jobname" : "wipc",
      "groupid" : 0,
      "error" : 0,
      "eta" : 0,
      "elapsed" : 827,
      "job options" : {
        "ioengine" : "libaio",
        "group_reporting" : "1",
        "direct" : "1",
        "rw" : "write",
        "bssplit" : "128KB",
        "numjobs" : "1",
        "iodepth" : "32",
        "size" : "75%",
        "io_size" : "256071352320B",
        "filename" : "/dev/sda"
      },
      "read" : {
        "io_bytes" : 0,
        "io_kbytes" : 0,
        "bw_bytes" : 0,
        "bw" : 0,
        "iops" : 0.000000,
        "runtime" : 0,
        "total_ios" : 0,
        "short_ios" : 0,
        "drop_ios" : 0,
        "slat_ns" : {
          "min" : 0,
          "max" : 0,
          "mean" : 0.000000,
          "stddev" : 0.000000,
          "N" : 0
        },
        "clat_ns" : {
          "min" : 0,
          "max" : 0,
          "mean" : 0.000000,
          "stddev" : 0.000000,
          "N" : 0
        },
        "lat_ns" : {
          "min" : 0,
          "max" : 0,
          "mean" : 0.000000,
          "stddev" : 0.000000,
          "N" : 0
        },
        "bw_min" : 0,
        "bw_max" : 0,
        "bw_agg" : 0.000000,
        "bw_mean" : 0.000000,
        "bw_dev" : 0.000000,
        "bw_samples" : 0,
        "iops_min" : 0,
        "iops_max" : 0,
        "iops_mean" : 0.000000,
        "iops_stddev" : 0.000000,
        "iops_samples" : 0
      },
      "write" : {
        "io_bytes" : 256071434240,
        "io_kbytes" : 250069760,
        "bw_bytes" : 310004460,
        "bw" : 302738,
        "iops" : 2365.146333,
        "runtime" : 826025,
        "total_ios" : 1953670,
        "short_ios" : 0,
        "drop_ios" : 0,
        "slat_ns" : {
          "min" : 20708,
          "max" : 11343791,
          "mean" : 50339.532470,
          "stddev" : 24678.201106,
          "N" : 1953670
        },
        "clat_ns" : {
          "min" : 3170708,
          "max" : 44752500,
          "mean" : 13474032.727392,
          "stddev" : 2143083.133091,
          "N" : 1953670,
          "percentile" : {
            "1.000000" : 11730944,
            "5.000000" : 12124160,
            "10.000000" : 12255232,
            "20.000000" : 12386304,
            "30.000000" : 12648448,
            "40.000000" : 12779520,
            "50.000000" : 13041664,
            "60.000000" : 13303808,
            "70.000000" : 13565952,
            "80.000000" : 13959168,
            "90.000000" : 14614528,
            "95.000000" : 15532032,
            "99.000000" : 27656192,
            "99.500000" : 28704768,
            "99.900000" : 30015488,
            "99.950000" : 30801920,
            "99.990000" : 32374784
          },
          "bins" : {
            "3162112" : 1,
            "3194880" : 1,
            "3260416" : 3,
            "3391488" : 1,
            "3424256" : 1,
            "3489792" : 2,
            "3555328" : 5,
            "3588096" : 4,
            "3620864" : 3,
            "3653632" : 7,
            "3686400" : 12,
            "3719168" : 6,
            "3751936" : 12,
            "3784704" : 6,
            "3817472" : 9,
            "3850240" : 9,
            "3883008" : 21,
            "3915776" : 13,
            "3948544" : 14,
            "3981312" : 22,
            "4014080" : 25,
            "4046848" : 25,
            "4079616" : 16,
            "4112384" : 15,
            "4145152" : 7,
            "4177920" : 5,
            "4227072" : 4,
            "4292608" : 5,
            "4358144" : 8,
            "4423680" : 12,
            "4489216" : 3,
            "4554752" : 3,
            "4620288" : 5,
            "4685824" : 7,
            "4751360" : 5,
            "4816896" : 5,
            "4882432" : 7,
            "4947968" : 4,
            "5013504" : 3,
            "5079040" : 8,
            "5144576" : 3,
            "5210112" : 9,
            "5275648" : 6,
            "5341184" : 4,
            "5406720" : 6,
            "5472256" : 7,
            "5537792" : 6,
            "5603328" : 8,
            "5668864" : 4,
            "5734400" : 3,
            "5799936" : 5,
            "5865472" : 6,
            "5931008" : 6,
            "5996544" : 5,
            "6062080" : 4,
            "6127616" : 6,
            "6193152" : 7,
            "6258688" : 4,
            "6324224" : 10,
            "6389760" : 5,
            "6455296" : 7,
            "6520832" : 10,
            "6586368" : 8,
            "6651904" : 29,
            "6717440" : 20,
            "6782976" : 6,
            "6848512" : 15,
            "6914048" : 20,
            "6979584" : 8,
            "7045120" : 7,
            "7110656" : 5,
            "7176192" : 8,
            "7241728" : 6,
            "7307264" : 6,
            "7372800" : 12,
            "7438336" : 8,
            "7503872" : 8,
            "7569408" : 12,
            "7634944" : 9,
            "7700480" : 7,
            "7766016" : 15,
            "7831552" : 30,
            "7897088" : 61,
            "7962624" : 53,
            "8028160" : 8,
            "8093696" : 37,
            "8159232" : 51,
            "8224768" : 85,
            "8290304" : 55,
            "8355840" : 21,
            "8454144" : 30,
            "8585216" : 26,
            "8716288" : 35,
            "8847360" : 36,
            "8978432" : 31,
            "9109504" : 25,
            "9240576" : 34,
            "9371648" : 45,
            "9502720" : 34,
            "9633792" : 46,
            "9764864" : 51,
            "9895936" : 73,
            "10027008" : 83,
            "10158080" : 132,
            "10289152" : 202,
            "10420224" : 292,
            "10551296" : 404,
            "10682368" : 584,
            "10813440" : 726,
            "10944512" : 655,
            "11075584" : 873,
            "11206656" : 1098,
            "11337728" : 1443,
            "11468800" : 1815,
            "11599872" : 3913,
            "11730944" : 9524,
            "11862016" : 22870,
            "11993088" : 47401,
            "12124160" : 79198,
            "12255232" : 106323,
            "12386304" : 118675,
            "12517376" : 123769,
            "12648448" : 134121,
            "12779520" : 138751,
            "12910592" : 134001,
            "13041664" : 112553,
            "13172736" : 93699,
            "13303808" : 87413,
            "13434880" : 81532,
            "13565952" : 70119,
            "13697024" : 64822,
            "13828096" : 64991,
            "13959168" : 67247,
            "14090240" : 63031,
            "14221312" : 49071,
            "14352384" : 34374,
            "14483456" : 26596,
            "14614528" : 21420,
            "14745600" : 17966,
            "14876672" : 15709,
            "15007744" : 12995,
            "15138816" : 11424,
            "15269888" : 11056,
            "15400960" : 10561,
            "15532032" : 12504,
            "15663104" : 14342,
            "15794176" : 14142,
            "15925248" : 11205,
            "16056320" : 7795,
            "16187392" : 4959,
            "16318464" : 3103,
            "16449536" : 1973,
            "16580608" : 1292,
            "16711680" : 805,
            "16908288" : 897,
            "17170432" : 349,
            "17432576" : 228,
            "17694720" : 268,
            "17956864" : 627,
            "18219008" : 780,
            "18481152" : 473,
            "18743296" : 197,
            "19005440" : 100,
            "19267584" : 70,
            "19529728" : 58,
            "19791872" : 53,
            "20054016" : 53,
            "20316160" : 38,
            "20578304" : 36,
            "20840448" : 46,
            "21102592" : 47,
            "21364736" : 55,
            "21626880" : 52,
            "21889024" : 51,
            "22151168" : 35,
            "22413312" : 41,
            "22675456" : 36,