{
  "fio version" : "fio-3.17",
  "timestamp" : 1580215970,
  "timestamp_ms" : 1580215970860,
  "time" : "Tue Jan 28 04:52:50 2020",
  "jobs" : [
    {
      "jobname" : "wipc",
      "groupid" : 0,
      "error" : 0,
      "eta" : 0,
      "elapsed" : 897,
      "job options" : {
        "ioengine" : "libaio",
        "group_reporting" : "1",
        "direct" : "1",
        "rw" : "write",
        "bssplit" : "128KB",
        "numjobs" : "1",
        "iodepth" : "32",
        "size" : "75%",
        "io_size" : "256071352320B",
        "filename" : "/dev/sdd"
      },
      "read" : {
        "io_bytes" : 0,
        "io_kbytes" : 0,
        "bw_bytes" : 0,
        "bw" : 0,
        "iops" : 0.000000,
        "runtime" : 0,
        "total_ios" : 0,
        "short_ios" : 0,
        "drop_ios" : 0,
        "slat_ns" : {
          "min" : 0,
          "max" : 0,
          "mean" : 0.000000,
          "stddev" : 0.000000
        },
        "clat_ns" : {
          "min" : 0,
          "max" : 0,
          "mean" : 0.000000,
          "stddev" : 0.000000,
          "percentile" : {
            "1.000000" : 0,
            "5.000000" : 0,
            "10.000000" : 0,
            "20.000000" : 0,
            "30.000000" : 0,
            "40.000000" : 0,
            "50.000000" : 0,
            "60.000000" : 0,
            "70.000000" : 0,
            "80.000000" : 0,
            "90.000000" : 0,
            "95.000000" : 0,
            "99.000000" : 0,
            "99.500000" : 0,
            "99.900000" : 0,
            "99.950000" : 0,
            "99.990000" : 0
          },
          "bins" : {

          }
        },
        "lat_ns" : {
          "min" : 0,
          "max" : 0,
          "mean" : 0.000000,
          "stddev" : 0.000000
        },
        "bw_min" : 0,
        "bw_max" : 0,
        "bw_agg" : 0.000000,
        "bw_mean" : 0.000000,
        "bw_dev" : 0.000000,
        "bw_samples" : 0,
        "iops_min" : 0,
        "iops_max" : 0,
        "iops_mean" : 0.000000,
        "iops_stddev" : 0.000000,
        "iops_samples" : 0
      },
      "write" : {
        "io_bytes" : 256071434240,
        "io_kbytes" : 250069760,
        "bw_bytes" : 285558170,
        "bw" : 278865,
        "iops" : 2178.635948,
        "runtime" : 896740,
        "total_ios" : 1953670,
        "short_ios" : 0,
        "drop_ios" : 0,
        "slat_ns" : {
          "min" : 7742,
          "max" : 755046,
          "mean" : 33757.485385,
          "stddev" : 10947.788053
        },
        "clat_ns" : {
          "min" : 1047092,
          "max" : 43936285,
          "mean" : 14647841.415351,
          "stddev" : 1982981.346398,
          "percentile" : {
            "1.000000" : 12779520,
            "5.000000" : 13041664,
            "10.000000" : 13172736,
            "20.000000" : 13434880,
            "30.000000" : 13697024,
            "40.000000" : 13959168,
            "50.000000" : 14221312,
            "60.000000" : 14483456,
            "70.000000" : 14876672,
            "80.000000" : 15532032,
            "90.000000" : 16056320,
            "95.000000" : 16908288,
            "99.000000" : 27131904,
            "99.500000" : 27918336,
            "99.900000" : 28966912,
            "99.950000" : 29229056,
            "99.990000" : 30801920
          },
          "bins" : {
            "1044480" : 1,
            "1056768" : 1,
            "1122304" : 2,
            "1204224" : 1,
            "1302528" : 1,
            "1368064" : 1,
            "1384448" : 1,
            "1630208" : 1,
            "1843200" : 1,
            "1892352" : 1,
            "2056192" : 1,
            "2277376" : 1,
            "2342912" : 1,
            "2572288" : 1,
            "2736128" : 1,
            "2834432" : 1,
            "3227648" : 1,
            "3260416" : 3,
            "3522560" : 1,
            "3555328" : 1,
            "3883008" : 2,
            "3915776" : 1,
            "4177920" : 1,
            "4227072" : 1,
            "4423680" : 1,
            "4554752" : 1,
            "4620288" : 1,
            "4751360" : 1,
            "4882432" : 1,
            "5144576" : 2,
            "5210112" : 1,
            "5406720" : 1,
            "5537792" : 2,
            "5799936" : 1,
            "5865472" : 1,
            "6127616" : 1,
            "6193152" : 1,
            "6258688" : 1,
            "6389760" : 1,
            "6455296" : 1,
            "6520832" : 1,
            "6782976" : 1,
            "6848512" : 1,
            "7241728" : 1,
            "7307264" : 2,
            "7569408" : 1,
            "7700480" : 1,
            "7831552" : 1,
            "7897088" : 1,
            "8159232" : 1,
            "8290304" : 1,
            "8454144" : 1,
            "8585216" : 2,
            "8716288" : 1,
            "8847360" : 1,
            "9109504" : 1,
            "9240576" : 1,
            "9371648" : 1,
            "9502720" : 1,
            "9633792" : 1,
            "9764864" : 2,
            "9895936" : 1,
            "10289152" : 5,
            "10551296" : 5,
            "10682368" : 2,
            "10813440" : 2,
            "10944512" : 7,
            "11075584" : 4,
            "11206656" : 8,
            "11337728" : 5,
            "11468800" : 10,
            "11599872" : 16,
            "11730944" : 58,
            "11862016" : 120,
            "11993088" : 164,
            "12124160" : 285,
            "12255232" : 426,
            "12386304" : 625,
            "12517376" : 1591,
            "12648448" : 4541,
            "12779520" : 12430,
            "12910592" : 31489,
            "13041664" : 63755,
            "13172736" : 89936,
            "13303808" : 100401,
            "13434880" : 104756,
            "13565952" : 104380,
            "13697024" : 101874,
            "13828096" : 102872,
            "13959168" : 100199,
            "14090240" : 97343,
            "14221312" : 94939,
            "14352384" : 89743,
            "14483456" : 78900,
            "14614528" : 68595,
            "14745600" : 64757,
            "14876672" : 61182,
            "15007744" : 53130,
            "15138816" : 43049,
            "15269888" : 37012,
            "15400960" : 40150,
            "15532032" : 48322,
            "15663104" : 53026,
            "15794176" : 51254,
            "15925248" : 42005,
            "16056320" : 31251,
            "16187392" : 23841,
            "16318464" : 18560,
            "16449536" : 15047,
            "16580608" : 12104,
            "16711680" : 10883,
            "16908288" : 22931,
            "17170432" : 22870,
            "17432576" : 12611,
            "17694720" : 4557,
            "17956864" : 1557,
            "18219008" : 490,
            "18481152" : 159,
            "18743296" : 99,
            "19005440" : 171,
            "19267584" : 372,
            "19529728" : 423,
            "19791872" : 232,
            "20054016" : 70,
            "20316160" : 16,
            "20578304" : 19,
            "20840448" : 23,
            "21102592" : 6,
            "21364736" : 8,
            "21626880" : 4,
            "21889024" : 1,
            "22151168" : 7,
            "22413312" : 4,
            "22675456" : 4,
            "22937600" : 3,
            "23199744" : 2,
            "23461888" : 5,
            "23724032" : 11,
            "23986176" : 4,
            "24248320" : 18,
            "24510464" : 15,
            "24772608" : 14,
            "25034752" : 103,
            "25296896" : 196,
            "25559040" : 145,
            "25821184" : 161,
            "26083328" : 399,
            "26345472" : 701,
            "26607616" : 2920,
            "26869760" : 5904,
            "27131904" : 4423,
            "27394048" : 3734,
            "27656192" : 2724,
            "27918336" : 2182,
            "28180480" : 1750,
            "28442624" : 1883,
            "28704768" : 1496,
            "28966912" : 1272,
            "29229056" : 932,
            "29491200" : 440,