{
  "fio version" : "fio-3.19",
  "timestamp" : 1585431435,
  "timestamp_ms" : 1585431435175,
  "time" : "Sat Mar 28 21:37:15 2020",
  "jobs" : [
    {
      "jobname" : "wipc",
      "groupid" : 0,
      "error" : 0,
      "eta" : 0,
      "elapsed" : 826,
      "job options" : {
        "ioengine" : "libaio",
        "group_reporting" : "1",
        "direct" : "1",
        "rw" : "write",
        "bssplit" : "128KB",
        "numjobs" : "1",
        "iodepth" : "32",
        "size" : "75%",
        "io_size" : "256071352320B",
        "filename" : "/dev/sda"
      },
      "read" : {
        "io_bytes" : 0,
        "io_kbytes" : 0,
        "bw_bytes" : 0,
        "bw" : 0,
        "iops" : 0.000000,
        "runtime" : 0,
        "total_ios" : 0,
        "short_ios" : 0,
        "drop_ios" : 0,
        "slat_ns" : {
          "min" : 0,
          "max" : 0,
          "mean" : 0.000000,
          "stddev" : 0.000000,
          "N" : 0
        },
        "clat_ns" : {
          "min" : 0,
          "max" : 0,
          "mean" : 0.000000,
          "stddev" : 0.000000,
          "N" : 0
        },
        "lat_ns" : {
          "min" : 0,
          "max" : 0,
          "mean" : 0.000000,
          "stddev" : 0.000000,
          "N" : 0
        },
        "bw_min" : 0,
        "bw_max" : 0,
        "bw_agg" : 0.000000,
        "bw_mean" : 0.000000,
        "bw_dev" : 0.000000,
        "bw_samples" : 0,
        "iops_min" : 0,
        "iops_max" : 0,
        "iops_mean" : 0.000000,
        "iops_stddev" : 0.000000,
        "iops_samples" : 0
      },
      "write" : {
        "io_bytes" : 256071434240,
        "io_kbytes" : 250069760,
        "bw_bytes" : 310195604,
        "bw" : 302925,
        "iops" : 2366.604645,
        "runtime" : 825516,
        "total_ios" : 1953670,
        "short_ios" : 0,
        "drop_ios" : 0,
        "slat_ns" : {
          "min" : 21875,
          "max" : 5166000,
          "mean" : 50342.181365,
          "stddev" : 20105.500537,
          "N" : 1953670
        },
        "clat_ns" : {
          "min" : 3424167,
          "max" : 45854958,
          "mean" : 13465850.395473,
          "stddev" : 2148430.855205,
          "N" : 1953670,
          "percentile" : {
            "1.000000" : 11730944,
            "5.000000" : 11993088,
            "10.000000" : 12255232,
            "20.000000" : 12386304,
            "30.000000" : 12648448,
            "40.000000" : 12779520,
            "50.000000" : 13041664,
            "60.000000" : 13303808,
            "70.000000" : 13565952,
            "80.000000" : 13959168,
            "90.000000" : 14614528,
            "95.000000" : 15663104,
            "99.000000" : 27656192,
            "99.500000" : 28704768,
            "99.900000" : 30277632,
            "99.950000" : 30801920,
            "99.990000" : 32374784
          },
          "bins" : {
            "3424256" : 3,
            "3457024" : 4,
            "3555328" : 1,
            "3620864" : 1,
            "3653632" : 2,
            "3686400" : 5,
            "3719168" : 19,
            "3751936" : 2,
            "3817472" : 1,
            "3883008" : 7,
            "3915776" : 4,
            "3948544" : 7,
            "3981312" : 3,
            "4014080" : 4,
            "4046848" : 1,
            "4112384" : 1,
            "4145152" : 1,
            "4227072" : 3,
            "4292608" : 2,
            "4358144" : 2,
            "4423680" : 10,
            "4489216" : 8,
            "4554752" : 1,
            "4620288" : 2,
            "4751360" : 1,
            "4947968" : 2,
            "5079040" : 1,
            "5144576" : 1,
            "5210112" : 2,
            "5275648" : 1,
            "5406720" : 1,
            "5472256" : 2,
            "5537792" : 3,
            "5603328" : 1,
            "5668864" : 2,
            "5734400" : 2,
            "5799936" : 1,
            "5865472" : 1,
            "5931008" : 3,
            "5996544" : 1,
            "6062080" : 1,
            "6127616" : 2,
            "6193152" : 1,
            "6324224" : 2,
            "6455296" : 1,
            "6520832" : 1,
            "6586368" : 1,
            "6651904" : 2,
            "6717440" : 2,
            "6782976" : 2,
            "6848512" : 5,
            "6914048" : 5,
            "6979584" : 15,
            "7045120" : 2,
            "7110656" : 6,
            "7176192" : 7,
            "7241728" : 3,
            "7307264" : 5,
            "7372800" : 10,
            "7438336" : 7,
            "7503872" : 14,
            "7569408" : 7,
            "7634944" : 16,
            "7700480" : 12,
            "7766016" : 14,
            "7831552" : 13,
            "7897088" : 14,
            "7962624" : 15,
            "8028160" : 16,
            "8093696" : 36,
            "8159232" : 23,
            "8224768" : 24,
            "8290304" : 26,
            "8355840" : 12,
            "8454144" : 40,
            "8585216" : 42,
            "8716288" : 41,
            "8847360" : 46,
            "8978432" : 57,
            "9109504" : 41,
            "9240576" : 54,
            "9371648" : 58,
            "9502720" : 71,
            "9633792" : 96,
            "9764864" : 161,
            "9895936" : 240,
            "10027008" : 300,
            "10158080" : 353,
            "10289152" : 456,
            "10420224" : 553,
            "10551296" : 621,
            "10682368" : 659,
            "10813440" : 636,
            "10944512" : 700,
            "11075584" : 833,
            "11206656" : 1009,
            "11337728" : 1366,
            "11468800" : 2163,
            "11599872" : 4100,
            "11730944" : 10365,
            "11862016" : 24084,
            "11993088" : 50753,
            "12124160" : 82496,
            "12255232" : 108761,
            "12386304" : 120260,
            "12517376" : 124425,
            "12648448" : 134650,
            "12779520" : 139611,
            "12910592" : 130835,
            "13041664" : 109796,
            "13172736" : 93295,
            "13303808" : 85972,
            "13434880" : 79433,
            "13565952" : 69704,
            "13697024" : 64474,
            "13828096" : 65488,
            "13959168" : 65242,
            "14090240" : 59173,
            "14221312" : 46556,
            "14352384" : 34157,
            "14483456" : 26130,
            "14614528" : 20713,
            "14745600" : 17396,
            "14876672" : 15427,
            "15007744" : 13252,
            "15138816" : 11410,
            "15269888" : 10845,
            "15400960" : 11511,
            "15532032" : 13650,
            "15663104" : 15696,
            "15794176" : 14337,
            "15925248" : 11252,
            "16056320" : 8056,
            "16187392" : 5422,
            "16318464" : 3397,
            "16449536" : 1991,
            "16580608" : 1247,
            "16711680" : 924,
            "16908288" : 1013,
            "17170432" : 440,
            "17432576" : 242,
            "17694720" : 367,
            "17956864" : 633,
            "18219008" : 795,
            "18481152" : 466,
            "18743296" : 199,
            "19005440" : 87,
            "19267584" : 33,
            "19529728" : 24,
            "19791872" : 21,
            "20054016" : 13,
            "20316160" : 12,
            "20578304" : 12,
            "20840448" : 9,
            "21102592" : 9,
            "21364736" : 35,
            "21626880" : 10,
            "21889024" : 7,
            "22151168" : 7,
            "22413312" : 7,
            "22675456" : 6,
            "22937600" : 9,
            "23199744" : 21,
            "23461888" : 38,
            "23724032" : 12,
            "23986176" : 3,
            "24248320" : 9,
            "24510464" : 7,
            "24772608" : 7,
            "25034752" : 45,
            "25296896" : 216,
            "25559040" : 176,
            "25821184" : 37,
            "26083328" : 96,
            "26345472" : 177,
            "26607616" : 423,