{
  "fio version" : "fio-3.17",
  "timestamp" : 1580103966,
  "timestamp_ms" : 1580103966473,
  "time" : "Sun Jan 26 21:46:06 2020",
  "jobs" : [
    {
      "jobname" : "wipc",
      "groupid" : 0,
      "error" : 0,
      "eta" : 0,
      "elapsed" : 884,
      "job options" : {
        "ioengine" : "libaio",
        "group_reporting" : "1",
        "direct" : "1",
        "rw" : "write",
        "bssplit" : "128KB",
        "numjobs" : "1",
        "iodepth" : "32",
        "size" : "75%",
        "io_size" : "256071352320B",
        "filename" : "/dev/sdb"
      },
      "read" : {
        "io_bytes" : 0,
        "io_kbytes" : 0,
        "bw_bytes" : 0,
        "bw" : 0,
        "iops" : 0.000000,
        "runtime" : 0,
        "total_ios" : 0,
        "short_ios" : 0,
        "drop_ios" : 0,
        "slat_ns" : {
          "min" : 0,
          "max" : 0,
          "mean" : 0.000000,
          "stddev" : 0.000000
        },
        "clat_ns" : {
          "min" : 0,
          "max" : 0,
          "mean" : 0.000000,
          "stddev" : 0.000000,
          "percentile" : {
            "1.000000" : 0,
            "5.000000" : 0,
            "10.000000" : 0,
            "20.000000" : 0,
            "30.000000" : 0,
            "40.000000" : 0,
            "50.000000" : 0,
            "60.000000" : 0,
            "70.000000" : 0,
            "80.000000" : 0,
            "90.000000" : 0,
            "95.000000" : 0,
            "99.000000" : 0,
            "99.500000" : 0,
            "99.900000" : 0,
            "99.950000" : 0,
            "99.990000" : 0
          },
          "bins" : {

          }
        },
        "lat_ns" : {
          "min" : 0,
          "max" : 0,
          "mean" : 0.000000,
          "stddev" : 0.000000
        },
        "bw_min" : 0,
        "bw_max" : 0,
        "bw_agg" : 0.000000,
        "bw_mean" : 0.000000,
        "bw_dev" : 0.000000,
        "bw_samples" : 0,
        "iops_min" : 0,
        "iops_max" : 0,
        "iops_mean" : 0.000000,
        "iops_stddev" : 0.000000,
        "iops_samples" : 0
      },
      "write" : {
        "io_bytes" : 256071434240,
        "io_kbytes" : 250069760,
        "bw_bytes" : 289727318,
        "bw" : 282936,
        "iops" : 2210.444019,
        "runtime" : 883836,
        "total_ios" : 1953670,
        "short_ios" : 0,
        "drop_ios" : 0,
        "slat_ns" : {
          "min" : 6861,
          "max" : 521524,
          "mean" : 31054.980574,
          "stddev" : 10804.090035
        },
        "clat_ns" : {
          "min" : 994993,
          "max" : 43701675,
          "mean" : 14439544.558453,
          "stddev" : 1982992.212628,
          "percentile" : {
            "1.000000" : 12648448,
            "5.000000" : 12910592,
            "10.000000" : 13041664,
            "20.000000" : 13303808,
            "30.000000" : 13565952,
            "40.000000" : 13828096,
            "50.000000" : 14090240,
            "60.000000" : 14352384,
            "70.000000" : 14745600,
            "80.000000" : 15269888,
            "90.000000" : 15794176,
            "95.000000" : 16449536,
            "99.000000" : 27131904,
            "99.500000" : 27918336,
            "99.900000" : 28966912,
            "99.950000" : 29229056,
            "99.990000" : 31850496
          },
          "bins" : {
            "995328" : 1,
            "1003520" : 1,
            "1204224" : 1,
            "1351680" : 1,
            "1368064" : 1,
            "1466368" : 1,
            "1581056" : 1,
            "1875968" : 1,
            "2007040" : 1,
            "2179072" : 1,
            "2211840" : 1,
            "2310144" : 1,
            "2539520" : 1,
            "2703360" : 1,
            "2834432" : 1,
            "3063808" : 1,
            "3162112" : 1,
            "3424256" : 1,
            "3489792" : 1,
            "3588096" : 1,
            "3719168" : 1,
            "3817472" : 1,
            "3883008" : 1,
            "4079616" : 1,
            "4177920" : 1,
            "4227072" : 1,
            "4423680" : 1,
            "4554752" : 1,
            "4751360" : 1,
            "4816896" : 1,
            "4882432" : 1,
            "5079040" : 1,
            "5144576" : 1,
            "5275648" : 1,
            "5472256" : 2,
            "5603328" : 1,
            "5799936" : 2,
            "5931008" : 1,
            "6127616" : 2,
            "6193152" : 1,
            "6258688" : 1,
            "6455296" : 1,
            "6520832" : 1,
            "6586368" : 1,
            "6848512" : 1,
            "6914048" : 2,
            "7110656" : 1,
            "7503872" : 1,
            "7569408" : 2,
            "7634944" : 1,
            "7831552" : 1,
            "7897088" : 1,
            "8028160" : 1,
            "8159232" : 1,
            "8454144" : 1,
            "8716288" : 1,
            "9109504" : 2,
            "9371648" : 1,
            "9502720" : 1,
            "9764864" : 2,
            "10027008" : 1,
            "10158080" : 2,
            "10289152" : 4,
            "10420224" : 2,
            "10551296" : 2,
            "10682368" : 6,
            "10813440" : 3,
            "10944512" : 7,
            "11075584" : 6,
            "11206656" : 7,
            "11337728" : 10,
            "11468800" : 10,
            "11599872" : 69,
            "11730944" : 136,
            "11862016" : 231,
            "11993088" : 327,
            "12124160" : 563,
            "12255232" : 1015,
            "12386304" : 1937,
            "12517376" : 7024,
            "12648448" : 20778,
            "12779520" : 43510,
            "12910592" : 73957,
            "13041664" : 96766,
            "13172736" : 105616,
            "13303808" : 107406,
            "13434880" : 103042,
            "13565952" : 101733,
            "13697024" : 102222,
            "13828096" : 102412,
            "13959168" : 98240,
            "14090240" : 89468,
            "14221312" : 80561,
            "14352384" : 72782,
            "14483456" : 69562,
            "14614528" : 68949,
            "14745600" : 60976,
            "14876672" : 50491,
            "15007744" : 43224,
            "15138816" : 41951,
            "15269888" : 46078,
            "15400960" : 51651,
            "15532032" : 50878,
            "15663104" : 45930,
            "15794176" : 35795,
            "15925248" : 27550,
            "16056320" : 21331,
            "16187392" : 16810,
            "16318464" : 12712,
            "16449536" : 10588,
            "16580608" : 10455,
            "16711680" : 10638,
            "16908288" : 18182,
            "17170432" : 10425,
            "17432576" : 4355,
            "17694720" : 1359,
            "17956864" : 447,
            "18219008" : 172,
            "18481152" : 154,
            "18743296" : 302,
            "19005440" : 287,
            "19267584" : 235,
            "19529728" : 113,
            "19791872" : 51,
            "20054016" : 12,
            "20316160" : 2,
            "20578304" : 2,
            "20840448" : 2,
            "21102592" : 8,
            "21364736" : 3,
            "21626880" : 6,
            "21889024" : 5,
            "22151168" : 3,
            "22413312" : 10,
            "22675456" : 6,
            "22937600" : 21,
            "23199744" : 8,
            "23461888" : 7,
            "23724032" : 8,
            "23986176" : 2,
            "24248320" : 1,
            "24510464" : 10,
            "24772608" : 58,
            "25034752" : 215,
            "25296896" : 278,
            "25559040" : 194,
            "25821184" : 335,
            "26083328" : 840,
            "26345472" : 1476,
            "26607616" : 3645,
            "26869760" : 4573,
            "27131904" : 3992,
            "27394048" : 3279,
            "27656192" : 2944,
            "27918336" : 1989,
            "28180480" : 1964,
            "28442624" : 1827,
            "28704768" : 1715,
            "28966912" : 1327,
            "29229056" : 658,