{
  "fio version" : "fio-3.17",
  "timestamp" : 1580271971,
  "timestamp_ms" : 1580271971952,
  "time" : "Tue Jan 28 20:26:11 2020",
  "jobs" : [
    {
      "jobname" : "wipc",
      "groupid" : 0,
      "error" : 0,
      "eta" : 0,
      "elapsed" : 902,
      "job options" : {
        "ioengine" : "libaio",
        "group_reporting" : "1",
        "direct" : "1",
        "rw" : "write",
        "bssplit" : "128KB",
        "numjobs" : "1",
        "iodepth" : "32",
        "size" : "75%",
        "io_size" : "256071352320B",
        "filename" : "/dev/sdd"
      },
      "read" : {
        "io_bytes" : 0,
        "io_kbytes" : 0,
        "bw_bytes" : 0,
        "bw" : 0,
        "iops" : 0.000000,
        "runtime" : 0,
        "total_ios" : 0,
        "short_ios" : 0,
        "drop_ios" : 0,
        "slat_ns" : {
          "min" : 0,
          "max" : 0,
          "mean" : 0.000000,
          "stddev" : 0.000000
        },
        "clat_ns" : {
          "min" : 0,
          "max" : 0,
          "mean" : 0.000000,
          "stddev" : 0.000000,
          "percentile" : {
            "1.000000" : 0,
            "5.000000" : 0,
            "10.000000" : 0,
            "20.000000" : 0,
            "30.000000" : 0,
            "40.000000" : 0,
            "50.000000" : 0,
            "60.000000" : 0,
            "70.000000" : 0,
            "80.000000" : 0,
            "90.000000" : 0,
            "95.000000" : 0,
            "99.000000" : 0,
            "99.500000" : 0,
            "99.900000" : 0,
            "99.950000" : 0,
            "99.990000" : 0
          },
          "bins" : {

          }
        },
        "lat_ns" : {
          "min" : 0,
          "max" : 0,
          "mean" : 0.000000,
          "stddev" : 0.000000
        },
        "bw_min" : 0,
        "bw_max" : 0,
        "bw_agg" : 0.000000,
        "bw_mean" : 0.000000,
        "bw_dev" : 0.000000,
        "bw_samples" : 0,
        "iops_min" : 0,
        "iops_max" : 0,
        "iops_mean" : 0.000000,
        "iops_stddev" : 0.000000,
        "iops_samples" : 0
      },
      "write" : {
        "io_bytes" : 256071434240,
        "io_kbytes" : 250069760,
        "bw_bytes" : 284099245,
        "bw" : 277440,
        "iops" : 2167.505228,
        "runtime" : 901345,
        "total_ios" : 1953670,
        "short_ios" : 0,
        "drop_ios" : 0,
        "slat_ns" : {
          "min" : 6393,
          "max" : 584279,
          "mean" : 31320.922399,
          "stddev" : 11384.684376
        },
        "clat_ns" : {
          "min" : 984770,
          "max" : 45109153,
          "mean" : 14725940.579592,
          "stddev" : 2012442.988985,
          "percentile" : {
            "1.000000" : 12910592,
            "5.000000" : 13172736,
            "10.000000" : 13303808,
            "20.000000" : 13565952,
            "30.000000" : 13828096,
            "40.000000" : 14090240,
            "50.000000" : 14352384,
            "60.000000" : 14614528,
            "70.000000" : 15007744,
            "80.000000" : 15663104,
            "90.000000" : 16187392,
            "95.000000" : 16908288,
            "99.000000" : 27394048,
            "99.500000" : 28180480,
            "99.900000" : 28966912,
            "99.950000" : 29491200,
            "99.990000" : 31588352
          },
          "bins" : {
            "987136" : 1,
            "1036288" : 1,
            "1335296" : 2,
            "1351680" : 1,
            "1384448" : 3,
            "1564672" : 1,
            "1990656" : 1,
            "2056192" : 2,
            "2375680" : 1,
            "2408448" : 1,
            "2572288" : 1,
            "2703360" : 1,
            "2834432" : 1,
            "3162112" : 1,
            "3293184" : 1,
            "3424256" : 1,
            "3653632" : 1,
            "3719168" : 1,
            "3981312" : 3,
            "4079616" : 1,
            "4177920" : 1,
            "4358144" : 1,
            "4489216" : 1,
            "4620288" : 2,
            "4685824" : 1,
            "4751360" : 1,
            "4947968" : 1,
            "5013504" : 1,
            "5406720" : 1,
            "5668864" : 2,
            "5734400" : 1,
            "5931008" : 1,
            "5996544" : 1,
            "6127616" : 1,
            "6258688" : 1,
            "6324224" : 1,
            "6455296" : 1,
            "6651904" : 1,
            "6782976" : 1,
            "7045120" : 1,
            "7110656" : 1,
            "7372800" : 1,
            "7503872" : 1,
            "7700480" : 1,
            "7766016" : 1,
            "7897088" : 1,
            "8028160" : 1,
            "8224768" : 1,
            "8290304" : 1,
            "8454144" : 1,
            "8585216" : 1,
            "8716288" : 3,
            "8978432" : 1,
            "9109504" : 2,
            "9371648" : 1,
            "9764864" : 3,
            "10027008" : 1,
            "10158080" : 1,
            "10289152" : 1,
            "10420224" : 5,
            "10551296" : 3,
            "10813440" : 6,
            "10944512" : 2,
            "11075584" : 4,
            "11206656" : 10,
            "11337728" : 3,
            "11468800" : 5,
            "11599872" : 8,
            "11730944" : 14,
            "11862016" : 38,
            "11993088" : 98,
            "12124160" : 151,
            "12255232" : 267,
            "12386304" : 504,
            "12517376" : 1064,
            "12648448" : 2747,
            "12779520" : 8276,
            "12910592" : 21985,
            "13041664" : 48234,
            "13172736" : 79601,
            "13303808" : 97132,
            "13434880" : 102280,
            "13565952" : 105919,
            "13697024" : 104059,
            "13828096" : 99804,
            "13959168" : 96084,
            "14090240" : 94467,
            "14221312" : 93313,
            "14352384" : 92143,
            "14483456" : 86401,
            "14614528" : 75198,
            "14745600" : 65066,
            "14876672" : 60218,
            "15007744" : 57997,
            "15138816" : 50125,
            "15269888" : 41023,
            "15400960" : 37482,
            "15532032" : 39525,
            "15663104" : 46227,
            "15794176" : 51538,
            "15925248" : 50475,
            "16056320" : 41430,
            "16187392" : 31149,
            "16318464" : 23169,
            "16449536" : 18353,
            "16580608" : 14436,
            "16711680" : 11358,
            "16908288" : 22232,
            "17170432" : 23613,
            "17432576" : 15444,
            "17694720" : 6443,
            "17956864" : 2213,
            "18219008" : 806,
            "18481152" : 221,
            "18743296" : 93,
            "19005440" : 191,
            "19267584" : 349,
            "19529728" : 385,
            "19791872" : 208,
            "20054016" : 63,
            "20316160" : 19,
            "20578304" : 5,
            "20840448" : 11,
            "21102592" : 1,
            "21364736" : 6,
            "21626880" : 4,
            "21889024" : 12,
            "22151168" : 7,
            "22413312" : 2,
            "22675456" : 5,
            "22937600" : 5,
            "23199744" : 2,
            "23461888" : 9,
            "23724032" : 18,
            "23986176" : 10,
            "24248320" : 21,
            "24510464" : 6,
            "24772608" : 11,
            "25034752" : 37,
            "25296896" : 244,
            "25559040" : 330,
            "25821184" : 113,
            "26083328" : 101,
            "26345472" : 162,
            "26607616" : 835,
            "26869760" : 3614,
            "27131904" : 4838,
            "27394048" : 3243,
            "27656192" : 2430,
            "27918336" : 3038,
            "28180480" : 3264,
            "28442624" : 3132,
            "28704768" : 2524,
            "28966912" : 1966,
            "29229056" : 932,
            "29491200" : 423,
            "29753344" : 131,
            "30015488" : 39,
            "30277632" : 12,
            "30539776" : 37,