{
  "fio version" : "fio-3.17",
  "timestamp" : 1580277493,
  "timestamp_ms" : 1580277493426,
  "time" : "Tue Jan 28 21:58:13 2020",
  "jobs" : [
    {
      "jobname" : "wipc",
      "groupid" : 0,
      "error" : 0,
      "eta" : 0,
      "elapsed" : 898,
      "job options" : {
        "ioengine" : "libaio",
        "group_reporting" : "1",
        "direct" : "1",
        "rw" : "write",
        "bssplit" : "128KB",
        "numjobs" : "1",
        "iodepth" : "32",
        "size" : "75%",
        "io_size" : "256071352320B",
        "filename" : "/dev/sdd"
      },
      "read" : {
        "io_bytes" : 0,
        "io_kbytes" : 0,
        "bw_bytes" : 0,
        "bw" : 0,
        "iops" : 0.000000,
        "runtime" : 0,
        "total_ios" : 0,
        "short_ios" : 0,
        "drop_ios" : 0,
        "slat_ns" : {
          "min" : 0,
          "max" : 0,
          "mean" : 0.000000,
          "stddev" : 0.000000
        },
        "clat_ns" : {
          "min" : 0,
          "max" : 0,
          "mean" : 0.000000,
          "stddev" : 0.000000,
          "percentile" : {
            "1.000000" : 0,
            "5.000000" : 0,
            "10.000000" : 0,
            "20.000000" : 0,
            "30.000000" : 0,
            "40.000000" : 0,
            "50.000000" : 0,
            "60.000000" : 0,
            "70.000000" : 0,
            "80.000000" : 0,
            "90.000000" : 0,
            "95.000000" : 0,
            "99.000000" : 0,
            "99.500000" : 0,
            "99.900000" : 0,
            "99.950000" : 0,
            "99.990000" : 0
          },
          "bins" : {

          }
        },
        "lat_ns" : {
          "min" : 0,
          "max" : 0,
          "mean" : 0.000000,
          "stddev" : 0.000000
        },
        "bw_min" : 0,
        "bw_max" : 0,
        "bw_agg" : 0.000000,
        "bw_mean" : 0.000000,
        "bw_dev" : 0.000000,
        "bw_samples" : 0,
        "iops_min" : 0,
        "iops_max" : 0,
        "iops_mean" : 0.000000,
        "iops_stddev" : 0.000000,
        "iops_samples" : 0
      },
      "write" : {
        "io_bytes" : 256071434240,
        "io_kbytes" : 250069760,
        "bw_bytes" : 285427988,
        "bw" : 278738,
        "iops" : 2177.642733,
        "runtime" : 897149,
        "total_ios" : 1953670,
        "short_ios" : 0,
        "drop_ios" : 0,
        "slat_ns" : {
          "min" : 7104,
          "max" : 504333,
          "mean" : 33503.455973,
          "stddev" : 10717.253037
        },
        "clat_ns" : {
          "min" : 880558,
          "max" : 43748577,
          "mean" : 14654868.668399,
          "stddev" : 1989474.498264,
          "percentile" : {
            "1.000000" : 12779520,
            "5.000000" : 13041664,
            "10.000000" : 13172736,
            "20.000000" : 13434880,
            "30.000000" : 13697024,
            "40.000000" : 13959168,
            "50.000000" : 14221312,
            "60.000000" : 14483456,
            "70.000000" : 14876672,
            "80.000000" : 15532032,
            "90.000000" : 16056320,
            "95.000000" : 16908288,
            "99.000000" : 27131904,
            "99.500000" : 27918336,
            "99.900000" : 28966912,
            "99.950000" : 29229056,
            "99.990000" : 31326208
          },
          "bins" : {
            "880640" : 1,
            "1056768" : 1,
            "1089536" : 1,
            "1220608" : 2,
            "1286144" : 1,
            "1400832" : 1,
            "1417216" : 1,
            "1630208" : 1,
            "1728512" : 1,
            "1925120" : 1,
            "2072576" : 1,
            "2277376" : 1,
            "2441216" : 1,
            "2605056" : 1,
            "2637824" : 1,
            "2768896" : 1,
            "2932736" : 1,
            "3227648" : 1,
            "3293184" : 1,
            "3358720" : 1,
            "3588096" : 2,
            "3686400" : 1,
            "3915776" : 1,
            "4014080" : 1,
            "4046848" : 1,
            "4227072" : 1,
            "4358144" : 1,
            "4489216" : 1,
            "4620288" : 1,
            "4685824" : 1,
            "4751360" : 1,
            "4947968" : 1,
            "5079040" : 1,
            "5210112" : 1,
            "5275648" : 1,
            "5406720" : 1,
            "5472256" : 1,
            "5603328" : 1,
            "5734400" : 1,
            "5799936" : 1,
            "5865472" : 1,
            "5996544" : 1,
            "6062080" : 1,
            "6324224" : 1,
            "6389760" : 1,
            "6651904" : 1,
            "6848512" : 1,
            "6979584" : 2,
            "7241728" : 1,
            "7307264" : 2,
            "7700480" : 1,
            "7897088" : 1,
            "8290304" : 2,
            "8355840" : 1,
            "8716288" : 2,
            "8847360" : 2,
            "8978432" : 1,
            "9240576" : 1,
            "9371648" : 1,
            "9633792" : 1,
            "9764864" : 2,
            "9895936" : 1,
            "10027008" : 1,
            "10158080" : 2,
            "10420224" : 1,
            "10551296" : 3,
            "10682368" : 3,
            "10813440" : 3,
            "10944512" : 4,
            "11075584" : 4,
            "11206656" : 3,
            "11337728" : 8,
            "11468800" : 8,
            "11599872" : 24,
            "11730944" : 51,
            "11862016" : 125,
            "11993088" : 150,
            "12124160" : 276,
            "12255232" : 407,
            "12386304" : 645,
            "12517376" : 1472,
            "12648448" : 4610,
            "12779520" : 12819,
            "12910592" : 32402,
            "13041664" : 64784,
            "13172736" : 89373,
            "13303808" : 99899,
            "13434880" : 104640,
            "13565952" : 105296,
            "13697024" : 102741,
            "13828096" : 101473,
            "13959168" : 99697,
            "14090240" : 95534,
            "14221312" : 95167,
            "14352384" : 89318,
            "14483456" : 79968,
            "14614528" : 68397,
            "14745600" : 63234,
            "14876672" : 59517,
            "15007744" : 52736,
            "15138816" : 42829,
            "15269888" : 36289,
            "15400960" : 38700,
            "15532032" : 46196,
            "15663104" : 51609,
            "15794176" : 51051,
            "15925248" : 42259,
            "16056320" : 32405,
            "16187392" : 25169,
            "16318464" : 20026,
            "16449536" : 15709,
            "16580608" : 12640,
            "16711680" : 11288,
            "16908288" : 23060,
            "17170432" : 24385,
            "17432576" : 13976,
            "17694720" : 5188,
            "17956864" : 1738,
            "18219008" : 671,
            "18481152" : 183,
            "18743296" : 110,
            "19005440" : 194,
            "19267584" : 370,
            "19529728" : 436,
            "19791872" : 272,
            "20054016" : 71,
            "20316160" : 19,
            "20578304" : 9,
            "20840448" : 7,
            "21102592" : 3,
            "21364736" : 7,
            "21626880" : 5,
            "21889024" : 2,
            "22151168" : 2,
            "22413312" : 9,
            "22675456" : 16,
            "22937600" : 8,
            "23199744" : 10,
            "23461888" : 6,
            "23724032" : 18,
            "23986176" : 20,
            "24248320" : 10,
            "24510464" : 28,
            "24772608" : 12,
            "25034752" : 60,
            "25296896" : 162,
            "25559040" : 139,
            "25821184" : 170,
            "26083328" : 403,
            "26345472" : 670,
            "26607616" : 2865,
            "26869760" : 5733,
            "27131904" : 4882,
            "27394048" : 3608,
            "27656192" : 2686,
            "27918336" : 2113,
            "28180480" : 1703,
            "28442624" : 1995,
            "28704768" : 1609,
            "28966912" : 1251,