{
  "fio version" : "fio-3.17",
  "timestamp" : 1580064693,
  "timestamp_ms" : 1580064693177,
  "time" : "Sun Jan 26 10:51:33 2020",
  "jobs" : [
    {
      "jobname" : "wipc",
      "groupid" : 0,
      "error" : 0,
      "eta" : 0,
      "elapsed" : 885,
      "job options" : {
        "ioengine" : "libaio",
        "group_reporting" : "1",
        "direct" : "1",
        "rw" : "write",
        "bssplit" : "128KB",
        "numjobs" : "1",
        "iodepth" : "32",
        "size" : "75%",
        "io_size" : "256071352320B",
        "filename" : "/dev/sdb"
      },
      "read" : {
        "io_bytes" : 0,
        "io_kbytes" : 0,
        "bw_bytes" : 0,
        "bw" : 0,
        "iops" : 0.000000,
        "runtime" : 0,
        "total_ios" : 0,
        "short_ios" : 0,
        "drop_ios" : 0,
        "slat_ns" : {
          "min" : 0,
          "max" : 0,
          "mean" : 0.000000,
          "stddev" : 0.000000
        },
        "clat_ns" : {
          "min" : 0,
          "max" : 0,
          "mean" : 0.000000,
          "stddev" : 0.000000,
          "percentile" : {
            "1.000000" : 0,
            "5.000000" : 0,
            "10.000000" : 0,
            "20.000000" : 0,
            "30.000000" : 0,
            "40.000000" : 0,
            "50.000000" : 0,
            "60.000000" : 0,
            "70.000000" : 0,
            "80.000000" : 0,
            "90.000000" : 0,
            "95.000000" : 0,
            "99.000000" : 0,
            "99.500000" : 0,
            "99.900000" : 0,
            "99.950000" : 0,
            "99.990000" : 0
          },
          "bins" : {

          }
        },
        "lat_ns" : {
          "min" : 0,
          "max" : 0,
          "mean" : 0.000000,
          "stddev" : 0.000000
        },
        "bw_min" : 0,
        "bw_max" : 0,
        "bw_agg" : 0.000000,
        "bw_mean" : 0.000000,
        "bw_dev" : 0.000000,
        "bw_samples" : 0,
        "iops_min" : 0,
        "iops_max" : 0,
        "iops_mean" : 0.000000,
        "iops_stddev" : 0.000000,
        "iops_samples" : 0
      },
      "write" : {
        "io_bytes" : 256071434240,
        "io_kbytes" : 250069760,
        "bw_bytes" : 289580208,
        "bw" : 282793,
        "iops" : 2209.321655,
        "runtime" : 884285,
        "total_ios" : 1953670,
        "short_ios" : 0,
        "drop_ios" : 0,
        "slat_ns" : {
          "min" : 6283,
          "max" : 518417,
          "mean" : 31193.200277,
          "stddev" : 10891.049867
        },
        "clat_ns" : {
          "min" : 723527,
          "max" : 45900307,
          "mean" : 14446811.746171,
          "stddev" : 1997441.743637,
          "percentile" : {
            "1.000000" : 12648448,
            "5.000000" : 12910592,
            "10.000000" : 13041664,
            "20.000000" : 13303808,
            "30.000000" : 13565952,
            "40.000000" : 13828096,
            "50.000000" : 14090240,
            "60.000000" : 14352384,
            "70.000000" : 14745600,
            "80.000000" : 15269888,
            "90.000000" : 15794176,
            "95.000000" : 16449536,
            "99.000000" : 27131904,
            "99.500000" : 27918336,
            "99.900000" : 28966912,
            "99.950000" : 29753344,
            "99.990000" : 31064064
          },
          "bins" : {
            "724992" : 1,
            "1003520" : 1,
            "1056768" : 1,
            "1220608" : 1,
            "1400832" : 1,
            "1417216" : 1,
            "1515520" : 1,
            "1548288" : 1,
            "1564672" : 1,
            "1908736" : 1,
            "2113536" : 1,
            "2244608" : 1,
            "2342912" : 1,
            "2441216" : 1,
            "2539520" : 1,
            "2605056" : 1,
            "2801664" : 1,
            "2932736" : 2,
            "3194880" : 1,
            "3260416" : 1,
            "3293184" : 1,
            "3489792" : 1,
            "3588096" : 1,
            "3784704" : 1,
            "3850240" : 1,
            "3981312" : 1,
            "4145152" : 1,
            "4227072" : 1,
            "4292608" : 1,
            "4489216" : 1,
            "4554752" : 1,
            "4620288" : 1,
            "4816896" : 1,
            "4947968" : 1,
            "5013504" : 1,
            "5144576" : 1,
            "5275648" : 1,
            "5341184" : 1,
            "5603328" : 1,
            "5668864" : 3,
            "5931008" : 1,
            "6062080" : 2,
            "6324224" : 2,
            "6389760" : 1,
            "6455296" : 1,
            "6717440" : 1,
            "7045120" : 1,
            "7110656" : 1,
            "7438336" : 2,
            "7766016" : 1,
            "8093696" : 1,
            "8159232" : 1,
            "8454144" : 2,
            "8585216" : 1,
            "8847360" : 1,
            "8978432" : 1,
            "9240576" : 1,
            "9371648" : 2,
            "9633792" : 2,
            "9764864" : 2,
            "9895936" : 3,
            "10027008" : 2,
            "10158080" : 2,
            "10289152" : 2,
            "10420224" : 4,
            "10551296" : 2,
            "10682368" : 2,
            "10813440" : 6,
            "10944512" : 1,
            "11075584" : 9,
            "11206656" : 18,
            "11337728" : 85,
            "11468800" : 118,
            "11599872" : 151,
            "11730944" : 207,
            "11862016" : 210,
            "11993088" : 311,
            "12124160" : 468,
            "12255232" : 683,
            "12386304" : 1694,
            "12517376" : 6457,
            "12648448" : 19652,
            "12779520" : 42847,
            "12910592" : 75227,
            "13041664" : 99627,
            "13172736" : 107814,
            "13303808" : 108027,
            "13434880" : 103254,
            "13565952" : 100480,
            "13697024" : 101756,
            "13828096" : 101925,
            "13959168" : 97273,
            "14090240" : 89334,
            "14221312" : 79871,
            "14352384" : 71094,
            "14483456" : 68466,
            "14614528" : 67428,
            "14745600" : 61271,
            "14876672" : 48885,
            "15007744" : 42953,
            "15138816" : 40706,
            "15269888" : 46340,
            "15400960" : 51566,
            "15532032" : 50977,
            "15663104" : 44535,
            "15794176" : 36709,
            "15925248" : 27952,
            "16056320" : 21991,
            "16187392" : 16920,
            "16318464" : 12782,
            "16449536" : 11167,
            "16580608" : 10927,
            "16711680" : 11336,
            "16908288" : 19934,
            "17170432" : 11638,
            "17432576" : 4820,
            "17694720" : 1592,
            "17956864" : 562,
            "18219008" : 201,
            "18481152" : 140,
            "18743296" : 293,
            "19005440" : 358,
            "19267584" : 260,
            "19529728" : 140,
            "19791872" : 60,
            "20054016" : 19,
            "20316160" : 10,
            "20578304" : 4,
            "20840448" : 5,
            "21102592" : 4,
            "21364736" : 8,
            "21626880" : 9,
            "21889024" : 1,
            "22151168" : 16,
            "22413312" : 7,
            "22675456" : 6,
            "22937600" : 1,
            "23199744" : 6,
            "23461888" : 1,
            "23724032" : 5,
            "23986176" : 6,
            "24248320" : 4,
            "24510464" : 6,
            "24772608" : 97,
            "25034752" : 243,
            "25296896" : 240,
            "25559040" : 145,
            "25821184" : 105,
            "26083328" : 199,
            "26345472" : 1142,
            "26607616" : 3812,
            "26869760" : 4576,
            "27131904" : 4151,
            "27394048" : 3208,
            "27656192" : 3039,
            "27918336" : 2465,
            "28180480" : 2115,
            "28442624" : 1896,
            "28704768" : 1712,
            "28966912" : 988,