{
  "fio version" : "fio-3.17",
  "timestamp" : 1580070199,
  "timestamp_ms" : 1580070199674,
  "time" : "Sun Jan 26 12:23:19 2020",
  "jobs" : [
    {
      "jobname" : "wipc",
      "groupid" : 0,
      "error" : 0,
      "eta" : 0,
      "elapsed" : 887,
      "job options" : {
        "ioengine" : "libaio",
        "group_reporting" : "1",
        "direct" : "1",
        "rw" : "write",
        "bssplit" : "128KB",
        "numjobs" : "1",
        "iodepth" : "32",
        "size" : "75%",
        "io_size" : "256071352320B",
        "filename" : "/dev/sdb"
      },
      "read" : {
        "io_bytes" : 0,
        "io_kbytes" : 0,
        "bw_bytes" : 0,
        "bw" : 0,
        "iops" : 0.000000,
        "runtime" : 0,
        "total_ios" : 0,
        "short_ios" : 0,
        "drop_ios" : 0,
        "slat_ns" : {
          "min" : 0,
          "max" : 0,
          "mean" : 0.000000,
          "stddev" : 0.000000
        },
        "clat_ns" : {
          "min" : 0,
          "max" : 0,
          "mean" : 0.000000,
          "stddev" : 0.000000,
          "percentile" : {
            "1.000000" : 0,
            "5.000000" : 0,
            "10.000000" : 0,
            "20.000000" : 0,
            "30.000000" : 0,
            "40.000000" : 0,
            "50.000000" : 0,
            "60.000000" : 0,
            "70.000000" : 0,
            "80.000000" : 0,
            "90.000000" : 0,
            "95.000000" : 0,
            "99.000000" : 0,
            "99.500000" : 0,
            "99.900000" : 0,
            "99.950000" : 0,
            "99.990000" : 0
          },
          "bins" : {

          }
        },
        "lat_ns" : {
          "min" : 0,
          "max" : 0,
          "mean" : 0.000000,
          "stddev" : 0.000000
        },
        "bw_min" : 0,
        "bw_max" : 0,
        "bw_agg" : 0.000000,
        "bw_mean" : 0.000000,
        "bw_dev" : 0.000000,
        "bw_samples" : 0,
        "iops_min" : 0,
        "iops_max" : 0,
        "iops_mean" : 0.000000,
        "iops_stddev" : 0.000000,
        "iops_samples" : 0
      },
      "write" : {
        "io_bytes" : 256071434240,
        "io_kbytes" : 250069760,
        "bw_bytes" : 288789232,
        "bw" : 282020,
        "iops" : 2203.286993,
        "runtime" : 886707,
        "total_ios" : 1953670,
        "short_ios" : 0,
        "drop_ios" : 0,
        "slat_ns" : {
          "min" : 7493,
          "max" : 926578,
          "mean" : 32027.796795,
          "stddev" : 11285.124015
        },
        "clat_ns" : {
          "min" : 980205,
          "max" : 44010762,
          "mean" : 14485542.894788,
          "stddev" : 1992673.730009,
          "percentile" : {
            "1.000000" : 12648448,
            "5.000000" : 12910592,
            "10.000000" : 13041664,
            "20.000000" : 13303808,
            "30.000000" : 13565952,
            "40.000000" : 13828096,
            "50.000000" : 14090240,
            "60.000000" : 14352384,
            "70.000000" : 14745600,
            "80.000000" : 15269888,
            "90.000000" : 15925248,
            "95.000000" : 16449536,
            "99.000000" : 27131904,
            "99.500000" : 27918336,
            "99.900000" : 29229056,
            "99.950000" : 29753344,
            "99.990000" : 31588352
          },
          "bins" : {
            "978944" : 1,
            "1073152" : 1,
            "1105920" : 1,
            "1122304" : 1,
            "1236992" : 1,
            "1417216" : 1,
            "1433600" : 1,
            "1581056" : 1,
            "1662976" : 1,
            "2007040" : 1,
            "2088960" : 1,
            "2211840" : 1,
            "2342912" : 1,
            "2408448" : 1,
            "2605056" : 1,
            "2768896" : 2,
            "2867200" : 1,
            "3063808" : 1,
            "3096576" : 1,
            "3194880" : 1,
            "3391488" : 1,
            "3457024" : 1,
            "3588096" : 1,
            "3784704" : 1,
            "3817472" : 1,
            "3883008" : 1,
            "4079616" : 1,
            "4145152" : 1,
            "4292608" : 1,
            "4423680" : 2,
            "4554752" : 1,
            "4751360" : 1,
            "4816896" : 1,
            "4947968" : 1,
            "5079040" : 1,
            "5144576" : 1,
            "5275648" : 2,
            "5406720" : 1,
            "5472256" : 1,
            "5603328" : 1,
            "5799936" : 1,
            "5996544" : 1,
            "6062080" : 1,
            "6193152" : 1,
            "6324224" : 1,
            "6389760" : 1,
            "6520832" : 1,
            "6782976" : 1,
            "7045120" : 1,
            "7307264" : 1,
            "7634944" : 1,
            "8028160" : 1,
            "8159232" : 1,
            "8355840" : 1,
            "8716288" : 1,
            "8847360" : 1,
            "9109504" : 1,
            "9240576" : 2,
            "9371648" : 1,
            "9502720" : 1,
            "9633792" : 1,
            "9764864" : 1,
            "9895936" : 1,
            "10027008" : 2,
            "10158080" : 2,
            "10289152" : 5,
            "10420224" : 5,
            "10551296" : 6,
            "10682368" : 7,
            "10813440" : 5,
            "10944512" : 13,
            "11075584" : 4,
            "11206656" : 20,
            "11337728" : 51,
            "11468800" : 97,
            "11599872" : 136,
            "11730944" : 153,
            "11862016" : 208,
            "11993088" : 229,
            "12124160" : 360,
            "12255232" : 668,
            "12386304" : 1411,
            "12517376" : 5309,
            "12648448" : 15979,
            "12779520" : 37215,
            "12910592" : 65662,
            "13041664" : 93523,
            "13172736" : 105750,
            "13303808" : 107009,
            "13434880" : 104704,
            "13565952" : 100517,
            "13697024" : 98685,
            "13828096" : 97918,
            "13959168" : 98325,
            "14090240" : 92716,
            "14221312" : 83261,
            "14352384" : 74535,
            "14483456" : 69000,
            "14614528" : 67596,
            "14745600" : 63258,
            "14876672" : 53715,
            "15007744" : 45030,
            "15138816" : 41771,
            "15269888" : 43888,
            "15400960" : 49677,
            "15532032" : 51443,
            "15663104" : 48047,
            "15794176" : 39725,
            "15925248" : 30887,
            "16056320" : 24662,
            "16187392" : 18891,
            "16318464" : 14410,
            "16449536" : 11996,
            "16580608" : 10978,
            "16711680" : 10935,
            "16908288" : 19747,
            "17170432" : 12513,
            "17432576" : 5130,
            "17694720" : 1768,
            "17956864" : 609,
            "18219008" : 235,
            "18481152" : 132,
            "18743296" : 268,
            "19005440" : 304,
            "19267584" : 266,
            "19529728" : 108,
            "19791872" : 59,
            "20054016" : 20,
            "20316160" : 4,
            "20578304" : 4,
            "20840448" : 7,
            "21102592" : 6,
            "21364736" : 4,
            "21626880" : 10,
            "21889024" : 5,
            "22151168" : 8,
            "22413312" : 5,
            "22675456" : 7,
            "22937600" : 4,
            "23199744" : 7,
            "23461888" : 7,
            "23724032" : 4,
            "23986176" : 1,
            "24248320" : 2,
            "24510464" : 3,
            "24772608" : 4,
            "25034752" : 16,
            "25296896" : 19,
            "25559040" : 49,
            "25821184" : 194,
            "26083328" : 373,
            "26345472" : 1194,
            "26607616" : 4276,
            "26869760" : 5186,
            "27131904" : 4335,
            "27394048" : 3261,
            "27656192" : 2729,
            "27918336" : 2347,
            "28180480" : 1891,
            "28442624" : 1626,
            "28704768" : 1254,