{
  "fio version" : "fio-3.19",
  "timestamp" : 1585577906,
  "timestamp_ms" : 1585577906841,
  "time" : "Mon Mar 30 14:18:26 2020",
  "jobs" : [
    {
      "jobname" : "wipc",
      "groupid" : 0,
      "error" : 0,
      "eta" : 0,
      "elapsed" : 826,
      "job options" : {
        "ioengine" : "libaio",
        "group_reporting" : "1",
        "direct" : "1",
        "rw" : "write",
        "bssplit" : "128KB",
        "numjobs" : "1",
        "iodepth" : "32",
        "size" : "75%",
        "io_size" : "256071352320B",
        "filename" : "/dev/sda"
      },
      "read" : {
        "io_bytes" : 0,
        "io_kbytes" : 0,
        "bw_bytes" : 0,
        "bw" : 0,
        "iops" : 0.000000,
        "runtime" : 0,
        "total_ios" : 0,
        "short_ios" : 0,
        "drop_ios" : 0,
        "slat_ns" : {
          "min" : 0,
          "max" : 0,
          "mean" : 0.000000,
          "stddev" : 0.000000,
          "N" : 0
        },
        "clat_ns" : {
          "min" : 0,
          "max" : 0,
          "mean" : 0.000000,
          "stddev" : 0.000000,
          "N" : 0
        },
        "lat_ns" : {
          "min" : 0,
          "max" : 0,
          "mean" : 0.000000,
          "stddev" : 0.000000,
          "N" : 0
        },
        "bw_min" : 0,
        "bw_max" : 0,
        "bw_agg" : 0.000000,
        "bw_mean" : 0.000000,
        "bw_dev" : 0.000000,
        "bw_samples" : 0,
        "iops_min" : 0,
        "iops_max" : 0,
        "iops_mean" : 0.000000,
        "iops_stddev" : 0.000000,
        "iops_samples" : 0
      },
      "write" : {
        "io_bytes" : 256071434240,
        "io_kbytes" : 250069760,
        "bw_bytes" : 310129484,
        "bw" : 302860,
        "iops" : 2366.100192,
        "runtime" : 825692,
        "total_ios" : 1953670,
        "short_ios" : 0,
        "drop_ios" : 0,
        "slat_ns" : {
          "min" : 21583,
          "max" : 18960666,
          "mean" : 51431.580399,
          "stddev" : 66600.044711,
          "N" : 1953670
        },
        "clat_ns" : {
          "min" : 3321208,
          "max" : 45918834,
          "mean" : 13467604.963383,
          "stddev" : 2231017.829704,
          "N" : 1953670,
          "percentile" : {
            "1.000000" : 11599872,
            "5.000000" : 11993088,
            "10.000000" : 12255232,
            "20.000000" : 12386304,
            "30.000000" : 12648448,
            "40.000000" : 12779520,
            "50.000000" : 13041664,
            "60.000000" : 13303808,
            "70.000000" : 13565952,
            "80.000000" : 13959168,
            "90.000000" : 14614528,
            "95.000000" : 15663104,
            "99.000000" : 27656192,
            "99.500000" : 28704768,
            "99.900000" : 30277632,
            "99.950000" : 30801920,
            "99.990000" : 34340864
          },
          "bins" : {
            "3325952" : 1,
            "3358720" : 1,
            "3391488" : 1,
            "3555328" : 1,
            "3588096" : 1,
            "3653632" : 3,
            "3686400" : 2,
            "3719168" : 10,
            "3751936" : 7,
            "3784704" : 9,
            "3817472" : 5,
            "3850240" : 3,
            "3883008" : 1,
            "3915776" : 1,
            "3948544" : 2,
            "3981312" : 3,
            "4014080" : 5,
            "4046848" : 3,
            "4079616" : 1,
            "4112384" : 7,
            "4145152" : 4,
            "4177920" : 12,
            "4227072" : 40,
            "4292608" : 75,
            "4358144" : 124,
            "4423680" : 121,
            "4489216" : 185,
            "4554752" : 327,
            "4620288" : 357,
            "4685824" : 262,
            "4751360" : 93,
            "4816896" : 73,
            "4882432" : 56,
            "4947968" : 33,
            "5013504" : 43,
            "5079040" : 18,
            "5144576" : 11,
            "5210112" : 15,
            "5275648" : 14,
            "5341184" : 23,
            "5406720" : 11,
            "5472256" : 20,
            "5537792" : 9,
            "5603328" : 12,
            "5668864" : 20,
            "5734400" : 20,
            "5799936" : 23,
            "5865472" : 14,
            "5931008" : 24,
            "5996544" : 30,
            "6062080" : 36,
            "6127616" : 23,
            "6193152" : 42,
            "6258688" : 37,
            "6324224" : 32,
            "6389760" : 24,
            "6455296" : 32,
            "6520832" : 45,
            "6586368" : 39,
            "6651904" : 32,
            "6717440" : 31,
            "6782976" : 30,
            "6848512" : 41,
            "6914048" : 42,
            "6979584" : 53,
            "7045120" : 45,
            "7110656" : 25,
            "7176192" : 51,
            "7241728" : 41,
            "7307264" : 34,
            "7372800" : 46,
            "7438336" : 32,
            "7503872" : 52,
            "7569408" : 49,
            "7634944" : 52,
            "7700480" : 61,
            "7766016" : 32,
            "7831552" : 62,
            "7897088" : 46,
            "7962624" : 50,
            "8028160" : 46,
            "8093696" : 62,
            "8159232" : 69,
            "8224768" : 46,
            "8290304" : 65,
            "8355840" : 105,
            "8454144" : 217,
            "8585216" : 318,
            "8716288" : 590,
            "8847360" : 725,
            "8978432" : 442,
            "9109504" : 278,
            "9240576" : 262,
            "9371648" : 270,
            "9502720" : 234,
            "9633792" : 249,
            "9764864" : 198,
            "9895936" : 268,
            "10027008" : 342,
            "10158080" : 466,
            "10289152" : 512,
            "10420224" : 647,
            "10551296" : 743,
            "10682368" : 803,
            "10813440" : 899,
            "10944512" : 823,
            "11075584" : 1008,
            "11206656" : 1186,
            "11337728" : 1507,
            "11468800" : 2370,
            "11599872" : 4515,
            "11730944" : 10454,
            "11862016" : 23949,
            "11993088" : 48166,
            "12124160" : 81701,
            "12255232" : 107392,
            "12386304" : 118921,
            "12517376" : 124308,
            "12648448" : 134070,
            "12779520" : 138470,
            "12910592" : 131128,
            "13041664" : 110120,
            "13172736" : 92352,
            "13303808" : 83801,
            "13434880" : 79941,
            "13565952" : 70096,
            "13697024" : 64675,
            "13828096" : 64065,
            "13959168" : 64523,
            "14090240" : 59748,
            "14221312" : 47112,
            "14352384" : 34731,
            "14483456" : 25268,
            "14614528" : 20801,
            "14745600" : 17523,
            "14876672" : 15517,
            "15007744" : 13326,
            "15138816" : 11284,
            "15269888" : 10366,
            "15400960" : 10975,
            "15532032" : 12573,
            "15663104" : 14949,
            "15794176" : 14657,
            "15925248" : 11310,
            "16056320" : 7679,
            "16187392" : 5154,
            "16318464" : 2966,
            "16449536" : 1890,
            "16580608" : 1420,
            "16711680" : 995,
            "16908288" : 1077,
            "17170432" : 506,
            "17432576" : 340,
            "17694720" : 447,
            "17956864" : 716,
            "18219008" : 993,
            "18481152" : 609,
            "18743296" : 332,
            "19005440" : 218,
            "19267584" : 200,
            "19529728" : 181,
            "19791872" : 203,
            "20054016" : 218,
            "20316160" : 209,
            "20578304" : 194,
            "20840448" : 183,
            "21102592" : 174,
            "21364736" : 219,
            "21626880" : 180,
            "21889024" : 222,
            "22151168" : 214,
            "22413312" : 181,
            "22675456" : 157,
            "22937600" : 165,