{
  "fio version" : "fio-3.17",
  "timestamp" : 1580126362,
  "timestamp_ms" : 1580126362007,
  "time" : "Mon Jan 27 03:59:22 2020",
  "jobs" : [
    {
      "jobname" : "wipc",
      "groupid" : 0,
      "error" : 0,
      "eta" : 0,
      "elapsed" : 890,
      "job options" : {
        "ioengine" : "libaio",
        "group_reporting" : "1",
        "direct" : "1",
        "rw" : "write",
        "bssplit" : "128KB",
        "numjobs" : "1",
        "iodepth" : "32",
        "size" : "75%",
        "io_size" : "256071352320B",
        "filename" : "/dev/sdb"
      },
      "read" : {
        "io_bytes" : 0,
        "io_kbytes" : 0,
        "bw_bytes" : 0,
        "bw" : 0,
        "iops" : 0.000000,
        "runtime" : 0,
        "total_ios" : 0,
        "short_ios" : 0,
        "drop_ios" : 0,
        "slat_ns" : {
          "min" : 0,
          "max" : 0,
          "mean" : 0.000000,
          "stddev" : 0.000000
        },
        "clat_ns" : {
          "min" : 0,
          "max" : 0,
          "mean" : 0.000000,
          "stddev" : 0.000000,
          "percentile" : {
            "1.000000" : 0,
            "5.000000" : 0,
            "10.000000" : 0,
            "20.000000" : 0,
            "30.000000" : 0,
            "40.000000" : 0,
            "50.000000" : 0,
            "60.000000" : 0,
            "70.000000" : 0,
            "80.000000" : 0,
            "90.000000" : 0,
            "95.000000" : 0,
            "99.000000" : 0,
            "99.500000" : 0,
            "99.900000" : 0,
            "99.950000" : 0,
            "99.990000" : 0
          },
          "bins" : {

          }
        },
        "lat_ns" : {
          "min" : 0,
          "max" : 0,
          "mean" : 0.000000,
          "stddev" : 0.000000
        },
        "bw_min" : 0,
        "bw_max" : 0,
        "bw_agg" : 0.000000,
        "bw_mean" : 0.000000,
        "bw_dev" : 0.000000,
        "bw_samples" : 0,
        "iops_min" : 0,
        "iops_max" : 0,
        "iops_mean" : 0.000000,
        "iops_stddev" : 0.000000,
        "iops_samples" : 0
      },
      "write" : {
        "io_bytes" : 256071434240,
        "io_kbytes" : 250069760,
        "bw_bytes" : 288017467,
        "bw" : 281267,
        "iops" : 2197.398893,
        "runtime" : 889083,
        "total_ios" : 1953670,
        "short_ios" : 0,
        "drop_ios" : 0,
        "slat_ns" : {
          "min" : 7361,
          "max" : 952237,
          "mean" : 32661.230064,
          "stddev" : 11144.104681
        },
        "clat_ns" : {
          "min" : 1068487,
          "max" : 55339123,
          "mean" : 14523778.868913,
          "stddev" : 2006298.063230,
          "percentile" : {
            "1.000000" : 12648448,
            "5.000000" : 12910592,
            "10.000000" : 13041664,
            "20.000000" : 13303808,
            "30.000000" : 13565952,
            "40.000000" : 13828096,
            "50.000000" : 14090240,
            "60.000000" : 14483456,
            "70.000000" : 14876672,
            "80.000000" : 15400960,
            "90.000000" : 15925248,
            "95.000000" : 16449536,
            "99.000000" : 27131904,
            "99.500000" : 28180480,
            "99.900000" : 28966912,
            "99.950000" : 29229056,
            "99.990000" : 31064064
          },
          "bins" : {
            "1073152" : 1,
            "1089536" : 2,
            "1105920" : 1,
            "1253376" : 1,
            "1335296" : 1,
            "1351680" : 1,
            "1466368" : 1,
            "1646592" : 1,
            "1794048" : 1,
            "1941504" : 1,
            "2088960" : 1,
            "2342912" : 1,
            "2441216" : 1,
            "2605056" : 1,
            "2736128" : 1,
            "2834432" : 1,
            "3129344" : 2,
            "3325952" : 1,
            "3457024" : 1,
            "3522560" : 1,
            "3588096" : 1,
            "3817472" : 1,
            "3883008" : 1,
            "3948544" : 1,
            "4145152" : 1,
            "4227072" : 1,
            "4292608" : 1,
            "4554752" : 2,
            "4620288" : 1,
            "4882432" : 1,
            "5144576" : 1,
            "5275648" : 1,
            "5341184" : 1,
            "5472256" : 1,
            "5537792" : 1,
            "5603328" : 1,
            "5865472" : 1,
            "5931008" : 1,
            "5996544" : 1,
            "6193152" : 1,
            "6258688" : 2,
            "6324224" : 1,
            "6455296" : 1,
            "6782976" : 1,
            "7176192" : 1,
            "7569408" : 1,
            "7831552" : 1,
            "8159232" : 2,
            "8224768" : 1,
            "8454144" : 2,
            "8585216" : 1,
            "8847360" : 1,
            "9109504" : 1,
            "9240576" : 2,
            "9502720" : 2,
            "9633792" : 1,
            "9895936" : 2,
            "10027008" : 1,
            "10158080" : 2,
            "10289152" : 2,
            "10420224" : 3,
            "10551296" : 2,
            "10682368" : 6,
            "10813440" : 4,
            "10944512" : 9,
            "11075584" : 9,
            "11206656" : 7,
            "11337728" : 11,
            "11468800" : 7,
            "11599872" : 14,
            "11730944" : 43,
            "11862016" : 93,
            "11993088" : 152,
            "12124160" : 203,
            "12255232" : 495,
            "12386304" : 1310,
            "12517376" : 4419,
            "12648448" : 13687,
            "12779520" : 32943,
            "12910592" : 60774,
            "13041664" : 87264,
            "13172736" : 103557,
            "13303808" : 108963,
            "13434880" : 106576,
            "13565952" : 100035,
            "13697024" : 93913,
            "13828096" : 93637,
            "13959168" : 95645,
            "14090240" : 93254,
            "14221312" : 87394,
            "14352384" : 77724,
            "14483456" : 70721,
            "14614528" : 65860,
            "14745600" : 64654,
            "14876672" : 57532,
            "15007744" : 48408,
            "15138816" : 40808,
            "15269888" : 39872,
            "15400960" : 44942,
            "15532032" : 50767,
            "15663104" : 52280,
            "15794176" : 45750,
            "15925248" : 36705,
            "16056320" : 27699,
            "16187392" : 20589,
            "16318464" : 15537,
            "16449536" : 11991,
            "16580608" : 10908,
            "16711680" : 10984,
            "16908288" : 19695,
            "17170432" : 13325,
            "17432576" : 5963,
            "17694720" : 2120,
            "17956864" : 764,
            "18219008" : 247,
            "18481152" : 138,
            "18743296" : 219,
            "19005440" : 324,
            "19267584" : 259,
            "19529728" : 134,
            "19791872" : 68,
            "20054016" : 34,
            "20316160" : 7,
            "20578304" : 2,
            "20840448" : 3,
            "21102592" : 1,
            "21364736" : 1,
            "21626880" : 2,
            "21889024" : 2,
            "22151168" : 2,
            "22413312" : 30,
            "22675456" : 21,
            "22937600" : 19,
            "23199744" : 17,
            "23461888" : 9,
            "23724032" : 4,
            "23986176" : 8,
            "24248320" : 25,
            "24510464" : 16,
            "24772608" : 39,
            "25034752" : 175,
            "25296896" : 308,
            "25559040" : 208,
            "25821184" : 99,
            "26083328" : 177,
            "26345472" : 401,
            "26607616" : 2064,
            "26869760" : 4445,
            "27131904" : 4678,
            "27394048" : 3035,
            "27656192" : 2956,
            "27918336" : 2876,
            "28180480" : 2793,
            "28442624" : 2835,
            "28704768" : 2282,
            "28966912" : 1229,
            "29229056" : 651,
            "29491200" : 248,
            "29753344" : 67,
            "30015488" : 61,