{
  "fio version" : "fio-3.19",
  "timestamp" : 1585709503,
  "timestamp_ms" : 1585709503666,
  "time" : "Wed Apr  1 02:51:43 2020",
  "jobs" : [
    {
      "jobname" : "wipc",
      "groupid" : 0,
      "error" : 0,
      "eta" : 0,
      "elapsed" : 826,
      "job options" : {
        "ioengine" : "libaio",
        "group_reporting" : "1",
        "direct" : "1",
        "rw" : "write",
        "bssplit" : "128KB",
        "numjobs" : "1",
        "iodepth" : "32",
        "size" : "75%",
        "io_size" : "256071352320B",
        "filename" : "/dev/sda"
      },
      "read" : {
        "io_bytes" : 0,
        "io_kbytes" : 0,
        "bw_bytes" : 0,
        "bw" : 0,
        "iops" : 0.000000,
        "runtime" : 0,
        "total_ios" : 0,
        "short_ios" : 0,
        "drop_ios" : 0,
        "slat_ns" : {
          "min" : 0,
          "max" : 0,
          "mean" : 0.000000,
          "stddev" : 0.000000,
          "N" : 0
        },
        "clat_ns" : {
          "min" : 0,
          "max" : 0,
          "mean" : 0.000000,
          "stddev" : 0.000000,
          "N" : 0
        },
        "lat_ns" : {
          "min" : 0,
          "max" : 0,
          "mean" : 0.000000,
          "stddev" : 0.000000,
          "N" : 0
        },
        "bw_min" : 0,
        "bw_max" : 0,
        "bw_agg" : 0.000000,
        "bw_mean" : 0.000000,
        "bw_dev" : 0.000000,
        "bw_samples" : 0,
        "iops_min" : 0,
        "iops_max" : 0,
        "iops_mean" : 0.000000,
        "iops_stddev" : 0.000000,
        "iops_samples" : 0
      },
      "write" : {
        "io_bytes" : 256071434240,
        "io_kbytes" : 250069760,
        "bw_bytes" : 310218902,
        "bw" : 302948,
        "iops" : 2366.782401,
        "runtime" : 825454,
        "total_ios" : 1953670,
        "short_ios" : 0,
        "drop_ios" : 0,
        "slat_ns" : {
          "min" : 20708,
          "max" : 21244125,
          "mean" : 51189.263212,
          "stddev" : 59218.704459,
          "N" : 1953670
        },
        "clat_ns" : {
          "min" : 3366417,
          "max" : 53229417,
          "mean" : 13463888.754155,
          "stddev" : 2193799.912941,
          "N" : 1953670,
          "percentile" : {
            "1.000000" : 11599872,
            "5.000000" : 11993088,
            "10.000000" : 12255232,
            "20.000000" : 12386304,
            "30.000000" : 12648448,
            "40.000000" : 12779520,
            "50.000000" : 13041664,
            "60.000000" : 13303808,
            "70.000000" : 13565952,
            "80.000000" : 13959168,
            "90.000000" : 14614528,
            "95.000000" : 15663104,
            "99.000000" : 27656192,
            "99.500000" : 28442624,
            "99.900000" : 29753344,
            "99.950000" : 30277632,
            "99.990000" : 32899072
          },
          "bins" : {
            "3358720" : 1,
            "3391488" : 1,
            "3424256" : 1,
            "3457024" : 1,
            "3489792" : 1,
            "3522560" : 2,
            "3555328" : 2,
            "3588096" : 2,
            "3620864" : 8,
            "3653632" : 2,
            "3686400" : 2,
            "3719168" : 1,
            "3751936" : 14,
            "3784704" : 15,
            "3817472" : 18,
            "3850240" : 21,
            "3883008" : 28,
            "3915776" : 27,
            "3948544" : 7,
            "3981312" : 18,
            "4014080" : 7,
            "4046848" : 3,
            "4079616" : 18,
            "4112384" : 5,
            "4145152" : 4,
            "4177920" : 8,
            "4227072" : 18,
            "4292608" : 34,
            "4358144" : 116,
            "4423680" : 147,
            "4489216" : 133,
            "4554752" : 248,
            "4620288" : 260,
            "4685824" : 225,
            "4751360" : 157,
            "4816896" : 117,
            "4882432" : 56,
            "4947968" : 47,
            "5013504" : 42,
            "5079040" : 35,
            "5144576" : 20,
            "5210112" : 17,
            "5275648" : 17,
            "5341184" : 17,
            "5406720" : 18,
            "5472256" : 23,
            "5537792" : 18,
            "5603328" : 26,
            "5668864" : 20,
            "5734400" : 19,
            "5799936" : 22,
            "5865472" : 26,
            "5931008" : 10,
            "5996544" : 16,
            "6062080" : 19,
            "6127616" : 30,
            "6193152" : 23,
            "6258688" : 24,
            "6324224" : 27,
            "6389760" : 29,
            "6455296" : 29,
            "6520832" : 28,
            "6586368" : 32,
            "6651904" : 23,
            "6717440" : 31,
            "6782976" : 34,
            "6848512" : 26,
            "6914048" : 27,
            "6979584" : 36,
            "7045120" : 38,
            "7110656" : 29,
            "7176192" : 30,
            "7241728" : 31,
            "7307264" : 35,
            "7372800" : 36,
            "7438336" : 45,
            "7503872" : 23,
            "7569408" : 31,
            "7634944" : 49,
            "7700480" : 38,
            "7766016" : 38,
            "7831552" : 37,
            "7897088" : 42,
            "7962624" : 65,
            "8028160" : 31,
            "8093696" : 56,
            "8159232" : 48,
            "8224768" : 73,
            "8290304" : 75,
            "8355840" : 108,
            "8454144" : 395,
            "8585216" : 444,
            "8716288" : 536,
            "8847360" : 606,
            "8978432" : 437,
            "9109504" : 252,
            "9240576" : 224,
            "9371648" : 183,
            "9502720" : 198,
            "9633792" : 151,
            "9764864" : 187,
            "9895936" : 242,
            "10027008" : 225,
            "10158080" : 280,
            "10289152" : 367,
            "10420224" : 555,
            "10551296" : 655,
            "10682368" : 867,
            "10813440" : 1027,
            "10944512" : 897,
            "11075584" : 1032,
            "11206656" : 1594,
            "11337728" : 1872,
            "11468800" : 2247,
            "11599872" : 4419,
            "11730944" : 10193,
            "11862016" : 24348,
            "11993088" : 48536,
            "12124160" : 80396,
            "12255232" : 106883,
            "12386304" : 118859,
            "12517376" : 125422,
            "12648448" : 134300,
            "12779520" : 137857,
            "12910592" : 130902,
            "13041664" : 109455,
            "13172736" : 92882,
            "13303808" : 84886,
            "13434880" : 79088,
            "13565952" : 71040,
            "13697024" : 64136,
            "13828096" : 63449,
            "13959168" : 64979,
            "14090240" : 59972,
            "14221312" : 46583,
            "14352384" : 33932,
            "14483456" : 26404,
            "14614528" : 21276,
            "14745600" : 17705,
            "14876672" : 14622,
            "15007744" : 13248,
            "15138816" : 11553,
            "15269888" : 10358,
            "15400960" : 10933,
            "15532032" : 13627,
            "15663104" : 14502,
            "15794176" : 14024,
            "15925248" : 11676,
            "16056320" : 8063,
            "16187392" : 5509,
            "16318464" : 3138,
            "16449536" : 1997,
            "16580608" : 1297,
            "16711680" : 915,
            "16908288" : 1099,
            "17170432" : 618,
            "17432576" : 420,
            "17694720" : 476,
            "17956864" : 722,
            "18219008" : 928,
            "18481152" : 650,
            "18743296" : 373,
            "19005440" : 189,
            "19267584" : 180,
            "19529728" : 189,
            "19791872" : 175,
            "20054016" : 176,
            "20316160" : 152,
            "20578304" : 158,
            "20840448" : 147,
            "21102592" : 170,
            "21364736" : 178,
            "21626880" : 158,
            "21889024" : 152,